Microsoft Windows [Versión 10.0.26100.6584]
(c) Microsoft Corporation. Todos los derechos reservados.

C:\Users\alex_>mysqlsh
MySQL Shell 8.0.43

Copyright (c) 2016, 2025, Oracle and/or its affiliates.
Oracle is a registered trademark of Oracle Corporation and/or its affiliates.
Other names may be trademarks of their respective owners.

Type '\help' or '\?' for help; '\quit' to exit.
 MySQL  JS > \sql
Switching to SQL mode... Commands end with ;
 MySQL  SQL > \connect --mc root@localhost
Creating a Classic session to 'root@localhost'
Fetching global names for auto-completion... Press ^C to stop.
Your MySQL connection id is 8
Server version: 8.0.43 MySQL Community Server - GPL
No default schema selected; type \use <schema> to set one.
 MySQL  localhost:3306 ssl  SQL > use tbd2;
Default schema set to `tbd2`.
Fetching global names, object names from `tbd2` for auto-completion... Press ^C to stop.
 MySQL  localhost:3306 ssl  tbd2  SQL > use sakila;
Default schema set to `sakila`.
Fetching global names, object names from `sakila` for auto-completion... Press ^C to stop.
 MySQL  localhost:3306 ssl  sakila  SQL > show tables;
+----------------------------+
| Tables_in_sakila           |
+----------------------------+
| actor                      |
| actor_info                 |
| address                    |
| category                   |
| city                       |
| country                    |
| customer                   |
| customer_list              |
| film                       |
| film_actor                 |
| film_category              |
| film_list                  |
| film_text                  |
| inventory                  |
| language                   |
| nicer_but_slower_film_list |
| payment                    |
| rental                     |
| sales_by_film_category     |
| sales_by_store             |
| staff                      |
| staff_list                 |
| store                      |
+----------------------------+
23 rows in set (0.0046 sec)
 MySQL  localhost:3306 ssl  sakila  SQL > desc payment;
+--------------+-------------------+------+-----+-------------------+-----------------------------------------------+
| Field        | Type              | Null | Key | Default           | Extra                                         |
+--------------+-------------------+------+-----+-------------------+-----------------------------------------------+
| payment_id   | smallint unsigned | NO   | PRI | NULL              | auto_increment                                |
| customer_id  | smallint unsigned | NO   | MUL | NULL              |                                               |
| staff_id     | tinyint unsigned  | NO   | MUL | NULL              |                                               |
| rental_id    | int               | YES  | MUL | NULL              |                                               |
| amount       | decimal(5,2)      | NO   |     | NULL              |                                               |
| payment_date | datetime          | NO   |     | NULL              |                                               |
| last_update  | timestamp         | YES  |     | CURRENT_TIMESTAMP | DEFAULT_GENERATED on update CURRENT_TIMESTAMP |
+--------------+-------------------+------+-----+-------------------+-----------------------------------------------+
7 rows in set (0.0017 sec)
 MySQL  localhost:3306 ssl  sakila  SQL > select * from payment limit 10;
+------------+-------------+----------+-----------+--------+---------------------+---------------------+
| payment_id | customer_id | staff_id | rental_id | amount | payment_date        | last_update         |
+------------+-------------+----------+-----------+--------+---------------------+---------------------+
|          1 |           1 |        1 |        76 |   2.99 | 2005-05-25 11:30:37 | 2006-02-15 22:12:30 |
|          2 |           1 |        1 |       573 |   0.99 | 2005-05-28 10:35:23 | 2006-02-15 22:12:30 |
|          3 |           1 |        1 |      1185 |   5.99 | 2005-06-15 00:54:12 | 2006-02-15 22:12:30 |
|          4 |           1 |        2 |      1422 |   0.99 | 2005-06-15 18:02:53 | 2006-02-15 22:12:30 |
|          5 |           1 |        2 |      1476 |   9.99 | 2005-06-15 21:08:46 | 2006-02-15 22:12:30 |
|          6 |           1 |        1 |      1725 |   4.99 | 2005-06-16 15:18:57 | 2006-02-15 22:12:30 |
|          7 |           1 |        1 |      2308 |   4.99 | 2005-06-18 08:41:48 | 2006-02-15 22:12:30 |
|          8 |           1 |        2 |      2363 |   0.99 | 2005-06-18 13:33:59 | 2006-02-15 22:12:30 |
|          9 |           1 |        1 |      3284 |   3.99 | 2005-06-21 06:24:45 | 2006-02-15 22:12:30 |
|         10 |           1 |        2 |      4526 |   5.99 | 2005-07-08 03:17:05 | 2006-02-15 22:12:30 |
+------------+-------------+----------+-----------+--------+---------------------+---------------------+
10 rows in set (0.0185 sec)
 MySQL  localhost:3306 ssl  sakila  SQL > select sum(count) from payment where customer_id =1;
ERROR: 1054 (42S22): Unknown column 'count' in 'field list'
 MySQL  localhost:3306 ssl  sakila  SQL > select sum(count) from payment where customer_id = 1;
ERROR: 1054 (42S22): Unknown column 'count' in 'field list'
 MySQL  localhost:3306 ssl  sakila  SQL > select sum(amount) as total from payment where customer_id = 1;
+--------+
| total  |
+--------+
| 118.68 |
+--------+
1 row in set (0.0043 sec)
 MySQL  localhost:3306 ssl  sakila  SQL > select customer_id, amount form payment limit 50;
ERROR: 1064 (42000): You have an error in your SQL syntax; check the manual that corresponds to your MySQL server version for the right syntax to use near 'payment limit 50' at line 1
 MySQL  localhost:3306 ssl  sakila  SQL > select customer_id, amount from payment limit 50;
+-------------+--------+
| customer_id | amount |
+-------------+--------+
|           1 |   2.99 |
|           1 |   0.99 |
|           1 |   5.99 |
|           1 |   0.99 |
|           1 |   9.99 |
|           1 |   4.99 |
|           1 |   4.99 |
|           1 |   0.99 |
|           1 |   3.99 |
|           1 |   5.99 |
|           1 |   5.99 |
|           1 |   4.99 |
|           1 |   4.99 |
|           1 |   7.99 |
|           1 |   2.99 |
|           1 |   4.99 |
|           1 |   4.99 |
|           1 |   0.99 |
|           1 |   0.99 |
|           1 |   2.99 |
|           1 |   2.99 |
|           1 |   4.99 |
|           1 |   3.99 |
|           1 |   0.99 |
|           1 |   4.99 |
|           1 |   0.99 |
|           1 |   0.99 |
|           1 |   2.99 |
|           1 |   0.99 |
|           1 |   1.99 |
|           1 |   2.99 |
|           1 |   5.99 |
|           2 |   4.99 |
|           2 |   2.99 |
|           2 |   2.99 |
|           2 |   6.99 |
|           2 |   4.99 |
|           2 |   5.99 |
|           2 |   5.99 |
|           2 |   5.99 |
|           2 |   2.99 |
|           2 |   5.99 |
|           2 |   4.99 |
|           2 |  10.99 |
|           2 |   0.99 |
|           2 |   6.99 |
|           2 |   6.99 |
|           2 |   2.99 |
|           2 |   0.99 |
|           2 |   0.99 |
+-------------+--------+
50 rows in set (0.0009 sec)
 MySQL  localhost:3306 ssl  sakila  SQL > select customer_id sum(amount) as total from payment
                                       -> group by customer_id;
ERROR: 1064 (42000): You have an error in your SQL syntax; check the manual that corresponds to your MySQL server version for the right syntax to use near 'sum(amount) as total from payment
group by customer_id' at line 1
 MySQL  localhost:3306 ssl  sakila  SQL > select customer_id, sum(amount) as total from payment group by customer_id;
+-------------+--------+
| customer_id | total  |
+-------------+--------+
|           1 | 118.68 |
|           2 | 128.73 |
|           3 | 135.74 |
|           4 |  81.78 |
|           5 | 144.62 |
|           6 |  93.72 |
|           7 | 151.67 |
|           8 |  92.76 |
|           9 |  89.77 |
|          10 |  99.75 |
|          11 | 106.76 |
|          12 | 103.72 |
|          13 | 131.73 |
|          14 | 117.72 |
|          15 | 134.68 |
|          16 | 118.72 |
|          17 |  98.79 |
|          18 |  91.78 |
|          19 | 125.76 |
|          20 | 115.70 |
|          21 | 155.65 |
|          22 | 113.78 |
|          23 | 119.70 |
|          24 |  95.75 |
|          25 | 115.71 |
|          26 | 152.66 |
|          27 | 126.69 |
|          28 | 111.68 |
|          29 | 140.64 |
|          30 | 123.66 |
|          31 | 104.74 |
|          32 | 127.71 |
|          33 |  91.79 |
|          34 |  89.76 |
|          35 | 129.68 |
|          36 |  92.73 |
|          37 |  95.77 |
|          38 | 127.66 |
|          39 | 141.71 |
|          40 | 110.73 |
|          41 | 118.75 |
|          42 | 117.70 |
|          43 |  99.76 |
|          44 | 114.74 |
|          45 | 127.73 |
|          46 | 142.66 |
|          47 | 108.78 |
|          48 |  76.83 |
|          49 | 130.72 |
|          50 | 169.65 |
|          51 | 138.67 |
|          52 | 107.71 |
|          53 | 115.70 |
|          54 | 128.71 |
|          55 | 100.78 |
|          56 | 135.70 |
|          57 | 114.72 |
|          58 | 115.73 |
|          59 | 133.73 |
|          60 |  98.75 |
|          61 |  58.86 |
|          62 |  84.77 |
|          63 | 112.75 |
|          64 | 100.67 |
|          65 | 103.78 |
|          66 | 144.66 |
|          67 |  99.78 |
|          68 |  94.78 |
|          69 |  96.75 |
|          70 |  80.82 |
|          71 | 129.70 |
|          72 |  99.70 |
|          73 |  97.76 |
|          74 | 103.73 |
|          75 | 155.59 |
|          76 |  77.77 |
|          77 | 100.72 |
|          78 | 141.69 |
|          79 |  84.78 |
|          80 | 137.70 |
|          81 |  93.78 |
|          82 | 130.74 |
|          83 | 101.75 |
|          84 | 141.67 |
|          85 |  87.77 |
|          86 | 148.67 |
|          87 | 145.70 |
|          88 |  87.79 |
|          89 | 134.68 |
|          90 | 110.72 |
|          91 | 113.65 |
|          92 | 133.72 |
|          93 |  91.77 |
|          94 |  79.79 |
|          95 |  77.82 |
|          96 | 105.73 |
|          97 |  58.82 |
|          98 | 106.75 |
|          99 |  91.76 |
|         100 | 102.76 |
|         101 |  96.76 |
|         102 | 137.67 |
|         103 | 146.69 |
|         104 |  92.76 |
|         105 | 120.74 |
|         106 | 100.77 |
|         107 | 126.70 |
|         108 | 132.70 |
|         109 | 107.74 |
|         110 |  59.86 |
|         111 |  97.74 |
|         112 | 133.70 |
|         113 | 113.71 |
|         114 | 139.67 |
|         115 |  91.70 |
|         116 | 111.73 |
|         117 |  71.81 |
|         118 |  82.79 |
|         119 | 153.66 |
|         120 | 143.68 |
|         121 | 109.74 |
|         122 | 126.68 |
|         123 | 100.76 |
|         124 |  73.82 |
|         125 | 135.68 |
|         126 | 117.72 |
|         127 | 107.76 |
|         128 | 127.68 |
|         129 | 124.66 |
|         130 |  93.76 |
|         131 | 128.70 |
|         132 |  95.72 |
|         133 |  98.73 |
|         134 |  94.77 |
|         135 | 110.70 |
|         136 |  62.85 |
|         137 | 194.61 |
|         138 | 110.66 |
|         139 | 113.73 |
|         140 |  83.82 |
|         141 | 130.68 |
|         142 |  94.74 |
|         143 |  89.78 |
|         144 | 195.58 |
|         145 | 108.72 |
|         146 | 139.71 |
|         147 | 127.66 |
|         148 | 216.54 |
|         149 | 121.74 |
|         150 | 105.75 |
|         151 |  92.73 |
|         152 |  83.79 |
|         153 |  94.76 |
|         154 | 130.70 |
|         155 | 109.75 |
|         156 | 101.75 |
|         157 | 113.69 |
|         158 | 126.68 |
|         159 |  68.79 |
|         160 | 106.73 |
|         161 | 112.70 |
|         162 |  71.80 |
|         163 | 122.71 |
|         164 |  66.84 |
|         165 |  86.79 |
|         166 | 123.72 |
|         167 | 119.68 |
|         168 | 135.66 |
|         169 |  95.78 |
|         170 | 119.74 |
|         171 | 114.74 |
|         172 | 145.67 |
|         173 | 119.71 |
|         174 |  92.79 |
|         175 |  98.76 |
|         176 | 173.63 |
|         177 |  71.77 |
|         178 | 194.61 |
|         179 | 133.71 |
|         180 |  98.77 |
|         181 | 174.66 |
|         182 |  97.74 |
|         183 |  76.77 |
|         184 |  90.77 |
|         185 |  84.77 |
|         186 | 114.69 |
|         187 | 159.72 |
|         188 |  92.75 |
|         189 |  93.78 |
|         190 | 110.73 |
|         191 |  74.80 |
|         192 |  99.77 |
|         193 | 109.75 |
|         194 |  87.82 |
|         195 |  86.81 |
|         196 | 151.65 |
|         197 | 154.60 |
|         198 | 141.63 |
|         199 | 103.75 |
|         200 | 136.73 |
|         201 | 108.75 |
|         202 | 103.74 |
|         203 |  88.80 |
|         204 | 147.65 |
|         205 |  80.82 |
|         206 | 126.73 |
|         207 | 137.66 |
|         208 |  91.74 |
|         209 | 161.68 |
|         210 | 137.69 |
|         211 | 151.66 |
|         212 |  91.80 |
|         213 | 111.72 |
|         214 | 116.69 |
|         215 |  91.74 |
|         216 |  95.77 |
|         217 |  98.77 |
|         218 |  67.82 |
|         219 | 101.74 |
|         220 | 114.73 |
|         221 | 132.72 |
|         222 |  91.79 |
|         223 |  80.83 |
|         224 |  76.78 |
|         225 | 120.74 |
|         226 |  87.79 |
|         227 |  87.76 |
|         228 |  92.73 |
|         229 |  93.75 |
|         230 | 124.67 |
|         231 | 110.74 |
|         232 |  95.75 |
|         233 |  89.77 |
|         234 | 111.74 |
|         235 |  93.75 |
|         236 | 175.58 |
|         237 | 144.67 |
|         238 |  94.79 |
|         239 | 142.66 |
|         240 | 117.74 |
|         241 | 122.66 |
|         242 | 140.68 |
|         243 |  82.76 |
|         244 | 129.68 |
|         245 | 132.68 |
|         246 | 107.77 |
|         247 | 104.78 |
|         248 |  50.85 |
|         249 | 107.77 |
|         250 |  73.80 |
|         251 | 120.69 |
|         252 |  64.78 |
|         253 | 127.71 |
|         254 | 116.68 |
|         255 |  70.82 |
|         256 | 112.70 |
|         257 | 151.63 |
|         258 | 110.76 |
|         259 | 168.68 |
|         260 | 122.69 |
|         261 | 107.74 |
|         262 | 119.72 |
|         263 | 122.71 |
|         264 |  98.75 |
|         265 | 133.71 |
|         266 | 118.72 |
|         267 | 159.64 |
|         268 | 123.71 |
|         269 | 129.70 |
|         270 | 104.75 |
|         271 |  68.82 |
|         272 |  98.80 |
|         273 | 157.65 |
|         274 | 152.65 |
|         275 | 108.70 |
|         276 | 122.72 |
|         277 | 144.68 |
|         278 |  88.74 |
|         279 | 135.69 |
|         280 | 118.73 |
|         281 |  50.86 |
|         282 | 103.73 |
|         283 |  86.72 |
|         284 | 126.72 |
|         285 | 135.74 |
|         286 | 117.73 |
|         287 | 115.71 |
|         288 |  80.76 |
|         289 | 142.70 |
|         290 | 109.72 |
|         291 |  95.77 |
|         292 | 118.73 |
|         293 | 158.69 |
|         294 | 113.74 |
|         295 | 162.62 |
|         296 | 129.70 |
|         297 | 128.67 |
|         298 | 101.74 |
|         299 | 131.70 |
|         300 | 137.69 |
|         301 |  92.79 |
|         302 | 127.71 |
|         303 | 100.74 |
|         304 | 115.74 |
|         305 | 109.75 |
|         306 | 138.68 |
|         307 | 134.70 |
|         308 | 105.75 |
|         309 | 147.69 |
|         310 |  97.80 |
|         311 | 120.77 |
|         312 | 104.74 |
|         313 |  89.77 |
|         314 | 131.67 |
|         315 |  84.83 |
|         316 | 132.71 |
|         317 | 114.72 |
|         318 |  52.88 |
|         319 | 132.70 |
|         320 |  71.80 |
|         321 | 116.78 |
|         322 | 128.72 |
|         323 | 114.69 |
|         324 | 103.75 |
|         325 |  91.78 |
|         326 |  96.75 |
|         327 | 112.74 |
|         328 |  90.77 |
|         329 | 127.68 |
|         330 |  94.75 |
|         331 | 122.73 |
|         332 | 118.72 |
|         333 | 109.73 |
|         334 | 135.70 |
|         335 |  78.77 |
|         336 | 119.70 |
|         337 | 143.71 |
|         338 | 114.72 |
|         339 | 127.70 |
|         340 | 119.69 |
|         341 | 106.77 |
|         342 | 130.68 |
|         343 | 114.75 |
|         344 |  73.82 |
|         345 | 106.77 |
|         346 | 155.68 |
|         347 | 142.70 |
|         348 | 146.64 |
|         349 | 138.71 |
|         350 |  73.77 |
|         351 |  89.76 |
|         352 |  99.77 |
|         353 |  72.82 |
|         354 | 129.64 |
|         355 |  72.80 |
|         356 | 121.70 |
|         357 |  89.74 |
|         358 |  80.79 |
|         359 | 101.75 |
|         360 | 150.66 |
|         361 | 100.69 |
|         362 | 145.68 |
|         363 | 143.71 |
|         364 |  95.77 |
|         365 | 103.77 |
|         366 | 152.63 |
|         367 | 101.78 |
|         368 | 157.65 |
|         369 |  88.75 |
|         370 |  70.81 |
|         371 | 149.65 |
|         372 | 158.66 |
|         373 | 161.65 |
|         374 | 103.72 |
|         375 | 110.76 |
|         376 | 110.72 |
|         377 |  93.74 |
|         378 |  71.81 |
|         379 | 106.77 |
|         380 | 136.64 |
|         381 | 106.65 |
|         382 |  91.76 |
|         383 | 103.73 |
|         384 |  89.75 |
|         385 | 101.74 |
|         386 | 117.71 |
|         387 | 101.74 |
|         388 | 124.70 |
|         389 | 124.74 |
|         390 | 152.67 |
|         391 | 104.70 |
|         392 |  91.77 |
|         393 | 121.69 |
|         394 |  84.78 |
|         395 |  57.81 |
|         396 | 111.73 |
|         397 | 105.71 |
|         398 |  78.84 |
|         399 |  91.79 |
|         400 | 124.72 |
|         401 |  73.79 |
|         402 |  79.80 |
|         403 | 166.65 |
|         404 | 139.70 |
|         405 | 109.68 |
|         406 | 122.68 |
|         407 | 112.73 |
|         408 | 116.70 |
|         409 | 104.77 |
|         410 | 167.62 |
|         411 |  80.74 |
|         412 |  85.79 |
|         413 |  75.79 |
|         414 | 105.75 |
|         415 |  93.77 |
|         416 | 121.69 |
|         417 | 110.75 |
|         418 | 107.70 |
|         419 |  89.75 |
|         420 |  79.79 |
|         421 | 119.73 |
|         422 |  97.74 |
|         423 | 120.74 |
|         424 | 110.70 |
|         425 | 104.74 |
|         426 | 126.73 |
|         427 | 114.76 |
|         428 |  78.80 |
|         429 | 105.79 |
|         430 |  79.78 |
|         431 |  95.77 |
|         432 | 116.77 |
|         433 | 133.75 |
|         434 | 128.73 |
|         435 |  91.75 |
|         436 | 144.70 |
|         437 |  99.77 |
|         438 | 134.67 |
|         439 | 151.64 |
|         440 |  88.78 |
|         441 | 112.72 |
|         442 | 118.68 |
|         443 |  98.78 |
|         444 | 115.70 |
|         445 | 102.74 |
|         446 | 116.69 |
|         447 | 113.71 |
|         448 | 135.71 |
|         449 |  99.80 |
|         450 |  89.74 |
|         451 | 128.67 |
|         452 | 107.68 |
|         453 | 111.77 |
|         454 | 151.67 |
|         455 |  87.76 |
|         456 | 100.75 |
|         457 | 114.72 |
|         458 |  66.81 |
|         459 | 186.62 |
|         460 | 109.75 |
|         461 |  97.72 |
|         462 | 159.67 |
|         463 |  91.75 |
|         464 |  73.84 |
|         465 |  69.83 |
|         466 | 104.77 |
|         467 | 139.71 |
|         468 | 175.61 |
|         469 | 177.60 |
|         470 | 160.68 |
|         471 | 109.73 |
|         472 | 141.70 |
|         473 | 134.66 |
|         474 | 100.74 |
|         475 | 103.76 |
|         476 |  95.78 |
|         477 | 109.78 |
|         478 |  86.81 |
|         479 | 146.69 |
|         480 | 101.78 |
|         481 | 115.71 |
|         482 | 138.71 |
|         483 |  88.82 |
|         484 | 139.70 |
|         485 | 115.71 |
|         486 | 113.74 |
|         487 | 119.74 |
|         488 |  95.78 |
|         489 |  99.79 |
|         490 | 117.76 |
|         491 | 124.73 |
|         492 |  65.84 |
|         493 | 112.77 |
|         494 | 140.69 |
|         495 | 120.74 |
|         496 |  88.79 |
|         497 | 129.72 |
|         498 |  97.73 |
|         499 | 123.70 |
|         500 | 115.72 |
|         501 |  89.79 |
|         502 | 138.66 |
|         503 | 115.68 |
|         504 | 133.72 |
|         505 |  97.79 |
|         506 | 152.65 |
|         507 |  95.75 |
|         508 | 127.75 |
|         509 | 100.80 |
|         510 | 122.74 |
|         511 |  99.76 |
|         512 | 115.74 |
|         513 | 148.69 |
|         514 |  74.78 |
|         515 | 126.72 |
|         516 |  98.74 |
|         517 | 105.75 |
|         518 | 111.74 |
|         519 | 103.77 |
|         520 | 134.68 |
|         521 |  80.77 |
|         522 | 167.67 |
|         523 |  93.78 |
|         524 |  87.81 |
|         525 |  74.81 |
|         526 | 221.55 |
|         527 |  81.76 |
|         528 | 111.75 |
|         529 | 118.71 |
|         530 |  76.77 |
|         531 | 118.75 |
|         532 | 152.68 |
|         533 | 141.67 |
|         534 |  88.76 |
|         535 | 135.68 |
|         536 | 117.75 |
|         537 | 103.75 |
|         538 | 117.71 |
|         539 |  90.78 |
|         540 | 112.76 |
|         541 | 108.76 |
|         542 |  94.82 |
|         543 |  82.78 |
|         544 |  98.78 |
|         545 |  89.79 |
|         546 | 103.75 |
|         547 |  99.77 |
|         548 |  79.81 |
|         549 |  77.80 |
|         550 | 159.68 |
|         551 |  96.74 |
|         552 |  90.79 |
|         553 | 107.76 |
|         554 | 101.78 |
|         555 |  74.83 |
|         556 |  83.79 |
|         557 |  73.76 |
|         558 | 135.72 |
|         559 | 110.72 |
|         560 | 132.70 |
|         561 |  96.73 |
|         562 | 109.75 |
|         563 | 110.71 |
|         564 |  91.76 |
|         565 | 126.71 |
|         566 | 141.66 |
|         567 |  85.80 |
|         568 |  66.79 |
|         569 | 134.68 |
|         570 |  99.74 |
|         571 | 121.76 |
|         572 | 108.75 |
|         573 | 120.71 |
|         574 | 109.72 |
|         575 | 126.71 |
|         576 | 139.66 |
|         577 | 117.73 |
|         578 |  96.78 |
|         579 | 111.73 |
|         580 |  99.73 |
|         581 | 107.73 |
|         582 | 113.75 |
|         583 | 117.77 |
|         584 | 129.70 |
|         585 | 117.76 |
|         586 |  64.81 |
|         587 | 108.74 |
|         588 | 115.71 |
|         589 | 129.72 |
|         590 | 112.75 |
|         591 | 134.73 |
|         592 | 111.71 |
|         593 | 113.74 |
|         594 | 130.73 |
|         595 | 117.70 |
|         596 |  96.72 |
|         597 |  99.75 |
|         598 |  83.78 |
|         599 |  83.81 |
+-------------+--------+
599 rows in set (0.0444 sec)
 MySQL  localhost:3306 ssl  sakila  SQL > desc payment;
+--------------+-------------------+------+-----+-------------------+-----------------------------------------------+
| Field        | Type              | Null | Key | Default           | Extra                                         |
+--------------+-------------------+------+-----+-------------------+-----------------------------------------------+
| payment_id   | smallint unsigned | NO   | PRI | NULL              | auto_increment                                |
| customer_id  | smallint unsigned | NO   | MUL | NULL              |                                               |
| staff_id     | tinyint unsigned  | NO   | MUL | NULL              |                                               |
| rental_id    | int               | YES  | MUL | NULL              |                                               |
| amount       | decimal(5,2)      | NO   |     | NULL              |                                               |
| payment_date | datetime          | NO   |     | NULL              |                                               |
| last_update  | timestamp         | YES  |     | CURRENT_TIMESTAMP | DEFAULT_GENERATED on update CURRENT_TIMESTAMP |
+--------------+-------------------+------+-----+-------------------+-----------------------------------------------+
7 rows in set (0.0025 sec)
 MySQL  localhost:3306 ssl  sakila  SQL > select staff_id, sum(amount) as total from payment group by staff_id;
+----------+----------+
| staff_id | total    |
+----------+----------+
|        1 | 33482.50 |
|        2 | 33924.06 |
+----------+----------+
2 rows in set (0.0256 sec)
 MySQL  localhost:3306 ssl  sakila  SQL > desc payment;
+--------------+-------------------+------+-----+-------------------+-----------------------------------------------+
| Field        | Type              | Null | Key | Default           | Extra                                         |
+--------------+-------------------+------+-----+-------------------+-----------------------------------------------+
| payment_id   | smallint unsigned | NO   | PRI | NULL              | auto_increment                                |
| customer_id  | smallint unsigned | NO   | MUL | NULL              |                                               |
| staff_id     | tinyint unsigned  | NO   | MUL | NULL              |                                               |
| rental_id    | int               | YES  | MUL | NULL              |                                               |
| amount       | decimal(5,2)      | NO   |     | NULL              |                                               |
| payment_date | datetime          | NO   |     | NULL              |                                               |
| last_update  | timestamp         | YES  |     | CURRENT_TIMESTAMP | DEFAULT_GENERATED on update CURRENT_TIMESTAMP |
+--------------+-------------------+------+-----+-------------------+-----------------------------------------------+
7 rows in set (0.0021 sec)
 MySQL  localhost:3306 ssl  sakila  SQL > show tables;
+----------------------------+
| Tables_in_sakila           |
+----------------------------+
| actor                      |
| actor_info                 |
| address                    |
| category                   |
| city                       |
| country                    |
| customer                   |
| customer_list              |
| film                       |
| film_actor                 |
| film_category              |
| film_list                  |
| film_text                  |
| inventory                  |
| language                   |
| nicer_but_slower_film_list |
| payment                    |
| rental                     |
| sales_by_film_category     |
| sales_by_store             |
| staff                      |
| staff_list                 |
| store                      |
+----------------------------+
23 rows in set (0.0022 sec)
 MySQL  localhost:3306 ssl  sakila  SQL > desc rental;
+--------------+--------------------+------+-----+-------------------+-----------------------------------------------+
| Field        | Type               | Null | Key | Default           | Extra                                         |
+--------------+--------------------+------+-----+-------------------+-----------------------------------------------+
| rental_id    | int                | NO   | PRI | NULL              | auto_increment                                |
| rental_date  | datetime           | NO   | MUL | NULL              |                                               |
| inventory_id | mediumint unsigned | NO   | MUL | NULL              |                                               |
| customer_id  | smallint unsigned  | NO   | MUL | NULL              |                                               |
| return_date  | datetime           | YES  |     | NULL              |                                               |
| staff_id     | tinyint unsigned   | NO   | MUL | NULL              |                                               |
| last_update  | timestamp          | NO   |     | CURRENT_TIMESTAMP | DEFAULT_GENERATED on update CURRENT_TIMESTAMP |
+--------------+--------------------+------+-----+-------------------+-----------------------------------------------+
7 rows in set (0.0030 sec)
 MySQL  localhost:3306 ssl  sakila  SQL > select rental_id, count(customer_id) as total from rental group by rental_id;
|         393 |     1 |
|         515 |     1 |
|         295 |     1 |
|         120 |     1 |
|         475 |     1 |
|         425 |     1 |
|          89 |     1 |
|          50 |     1 |
|         484 |     1 |
|         129 |     1 |
|         570 |     1 |
|          57 |     1 |
|          41 |     1 |
|         401 |     1 |
|         426 |     1 |
|         326 |     1 |
|         359 |     1 |
|         137 |     1 |
|          19 |     1 |
|         279 |     1 |
|         491 |     1 |
|         131 |     1 |
|          50 |     1 |
|         113 |     1 |
|         578 |     1 |
|         377 |     1 |
|          77 |     1 |
|          64 |     1 |
|         294 |     1 |
|         400 |     1 |
|         331 |     1 |
|         509 |     1 |
|         138 |     1 |
|         196 |     1 |
|         569 |     1 |
|         358 |     1 |
|         290 |     1 |
|         396 |     1 |
|         199 |     1 |
|         127 |     1 |
|         366 |     1 |
|         526 |     1 |
|         421 |     1 |
|         299 |     1 |
|         306 |     1 |
|         157 |     1 |
|         572 |     1 |
|          87 |     1 |
|          90 |     1 |
|         334 |     1 |
|         246 |     1 |
|         303 |     1 |
|         391 |     1 |
|         530 |     1 |
|         324 |     1 |
|         106 |     1 |
|         597 |     1 |
|         345 |     1 |
|         436 |     1 |
|         389 |     1 |
|         101 |     1 |
|         505 |     1 |
|         294 |     1 |
|         373 |     1 |
|         295 |     1 |
|         522 |     1 |
|         587 |     1 |
|         498 |     1 |
|         107 |     1 |
|         571 |     1 |
|         106 |     1 |
|         175 |     1 |
|         398 |     1 |
|         511 |     1 |
|         512 |     1 |
|         459 |     1 |
|         207 |     1 |
|          30 |     1 |
|         470 |     1 |
|         313 |     1 |
|         192 |     1 |
|         467 |     1 |
|         109 |     1 |
|         161 |     1 |
|         342 |     1 |
|         132 |     1 |
|          51 |     1 |
|         163 |     1 |
|         261 |     1 |
|         189 |     1 |
|         298 |     1 |
|         437 |     1 |
|         116 |     1 |
|          39 |     1 |
|          86 |     1 |
|         101 |     1 |
|         416 |     1 |
|         459 |     1 |
|          58 |     1 |
|         543 |     1 |
|         469 |     1 |
|         566 |     1 |
|         461 |     1 |
|          50 |     1 |
|         181 |     1 |
|         415 |     1 |
|         297 |     1 |
|         510 |     1 |
|          49 |     1 |
|          72 |     1 |
|         138 |     1 |
|          39 |     1 |
|         168 |     1 |
|           6 |     1 |
|         273 |     1 |
|         212 |     1 |
|         375 |     1 |
|         463 |     1 |
|          48 |     1 |
|         176 |     1 |
|         154 |     1 |
|         247 |     1 |
|         542 |     1 |
|         549 |     1 |
|         472 |     1 |
|         462 |     1 |
|          20 |     1 |
|         167 |     1 |
|         532 |     1 |
|         141 |     1 |
|          63 |     1 |
|         566 |     1 |
|         364 |     1 |
|         420 |     1 |
|         340 |     1 |
|         258 |     1 |
|          28 |     1 |
|         123 |     1 |
|         573 |     1 |
|         289 |     1 |
|         323 |     1 |
|         369 |     1 |
|         207 |     1 |
|         583 |     1 |
|         144 |     1 |
|         479 |     1 |
|         346 |     1 |
|         160 |     1 |
|         541 |     1 |
|         332 |     1 |
|         240 |     1 |
|         156 |     1 |
|         271 |     1 |
|         151 |     1 |
|         172 |     1 |
|          80 |     1 |
|         252 |     1 |
|         258 |     1 |
|         469 |     1 |
|         561 |     1 |
|         548 |     1 |
|         394 |     1 |
|         152 |     1 |
|         177 |     1 |
|         535 |     1 |
|         577 |     1 |
|          25 |     1 |
|         258 |     1 |
|         325 |     1 |
|         382 |     1 |
|          85 |     1 |
|         302 |     1 |
|           7 |     1 |
|         575 |     1 |
|         258 |     1 |
|         499 |     1 |
|         445 |     1 |
|          33 |     1 |
|         370 |     1 |
|         451 |     1 |
|         339 |     1 |
|         363 |     1 |
|         568 |     1 |
|         445 |     1 |
|         140 |     1 |
|         267 |     1 |
|         367 |     1 |
|          42 |     1 |
|         476 |     1 |
|         574 |     1 |
|          14 |     1 |
|         295 |     1 |
|          78 |     1 |
|         173 |     1 |
|         564 |     1 |
|         535 |     1 |
|         416 |     1 |
|         161 |     1 |
|          56 |     1 |
|         475 |     1 |
|         517 |     1 |
|         369 |     1 |
|         443 |     1 |
|         529 |     1 |
|         181 |     1 |
|         174 |     1 |
|         317 |     1 |
|         442 |     1 |
|         119 |     1 |
|         242 |     1 |
|         593 |     1 |
|         424 |     1 |
|         546 |     1 |
|         327 |     1 |
|         419 |     1 |
|         588 |     1 |
|         307 |     1 |
|         202 |     1 |
|         474 |     1 |
|         559 |     1 |
|         113 |     1 |
|         141 |     1 |
|         533 |     1 |
|         412 |     1 |
|         242 |     1 |
|         592 |     1 |
|         366 |     1 |
|         179 |     1 |
|          26 |     1 |
|          87 |     1 |
|          99 |     1 |
|         346 |     1 |
|         502 |     1 |
|         357 |     1 |
|          12 |     1 |
|         258 |     1 |
|         128 |     1 |
|         129 |     1 |
|         284 |     1 |
|         504 |     1 |
|         174 |     1 |
|         204 |     1 |
|         132 |     1 |
|         564 |     1 |
|         410 |     1 |
|         494 |     1 |
|         253 |     1 |
|         463 |     1 |
|         391 |     1 |
|         101 |     1 |
|         334 |     1 |
|         449 |     1 |
|         247 |     1 |
|         522 |     1 |
|         325 |     1 |
|         376 |     1 |
|         361 |     1 |
|         591 |     1 |
|         449 |     1 |
|         427 |     1 |
|         248 |     1 |
|          66 |     1 |
|         354 |     1 |
|         262 |     1 |
|         166 |     1 |
|           7 |     1 |
|          88 |     1 |
|         447 |     1 |
|         305 |     1 |
|         356 |     1 |
|          46 |     1 |
|         511 |     1 |
|         471 |     1 |
|         138 |     1 |
|         450 |     1 |
|         517 |     1 |
|          73 |     1 |
|         392 |     1 |
|         455 |     1 |
|           1 |     1 |
|         316 |     1 |
|         332 |     1 |
|         299 |     1 |
|         176 |     1 |
|          40 |     1 |
|         403 |     1 |
|         106 |     1 |
|         211 |     1 |
|          95 |     1 |
|         241 |     1 |
|         311 |     1 |
|         213 |     1 |
|         380 |     1 |
|           9 |     1 |
|         442 |     1 |
|         188 |     1 |
|           9 |     1 |
|          99 |     1 |
|          81 |     1 |
|         121 |     1 |
|         309 |     1 |
|         131 |     1 |
|         197 |     1 |
|         270 |     1 |
|         193 |     1 |
|         291 |     1 |
|         427 |     1 |
|         534 |     1 |
|           2 |     1 |
|         412 |     1 |
|         129 |     1 |
|         466 |     1 |
|         523 |     1 |
|         135 |     1 |
|         405 |     1 |
|         329 |     1 |
|         488 |     1 |
|         115 |     1 |
|         263 |     1 |
|         506 |     1 |
|         417 |     1 |
|         275 |     1 |
|         560 |     1 |
|         170 |     1 |
|         358 |     1 |
|         129 |     1 |
|         400 |     1 |
|          50 |     1 |
|         527 |     1 |
|         577 |     1 |
|         423 |     1 |
|          54 |     1 |
|         329 |     1 |
|          24 |     1 |
|         334 |     1 |
|         285 |     1 |
|         188 |     1 |
|          41 |     1 |
|         525 |     1 |
|         499 |     1 |
|         355 |     1 |
|         459 |     1 |
|         477 |     1 |
|         351 |     1 |
|         357 |     1 |
|         357 |     1 |
|         530 |     1 |
|         426 |     1 |
|         216 |     1 |
|          45 |     1 |
|         431 |     1 |
|         504 |     1 |
|         259 |     1 |
|         487 |     1 |
|         438 |     1 |
|         105 |     1 |
|           7 |     1 |
|         383 |     1 |
|         449 |     1 |
|         199 |     1 |
|         556 |     1 |
|         456 |     1 |
|         543 |     1 |
|         346 |     1 |
|         254 |     1 |
|          34 |     1 |
|          38 |     1 |
|          36 |     1 |
|          14 |     1 |
|         431 |     1 |
|         564 |     1 |
|         444 |     1 |
|         520 |     1 |
|         459 |     1 |
|         191 |     1 |
|         593 |     1 |
|         397 |     1 |
|         284 |     1 |
|          86 |     1 |
|         418 |     1 |
|          37 |     1 |
|         232 |     1 |
|          84 |     1 |
|         234 |     1 |
|         465 |     1 |
|          29 |     1 |
|         589 |     1 |
|         425 |     1 |
|         362 |     1 |
|         403 |     1 |
|          85 |     1 |
|          61 |     1 |
|         129 |     1 |
|         294 |     1 |
|         119 |     1 |
|         415 |     1 |
|         209 |     1 |
|         487 |     1 |
|         117 |     1 |
|         385 |     1 |
|         117 |     1 |
|         174 |     1 |
|         427 |     1 |
|           8 |     1 |
|         178 |     1 |
|         214 |     1 |
|         387 |     1 |
|         165 |     1 |
|         269 |     1 |
|         212 |     1 |
|         130 |     1 |
|         179 |     1 |
|          21 |     1 |
|         308 |     1 |
|         386 |     1 |
|         585 |     1 |
|         287 |     1 |
|         251 |     1 |
|         180 |     1 |
|         428 |     1 |
|         113 |     1 |
|         270 |     1 |
|         234 |     1 |
|         217 |     1 |
|         233 |     1 |
|         125 |     1 |
|          86 |     1 |
|         228 |     1 |
|         583 |     1 |
|         521 |     1 |
|          49 |     1 |
|         375 |     1 |
|          78 |     1 |
|          52 |     1 |
|         265 |     1 |
|         144 |     1 |
|          53 |     1 |
|         137 |     1 |
|         112 |     1 |
|           3 |     1 |
|         397 |     1 |
|         271 |     1 |
|         294 |     1 |
|         420 |     1 |
|         111 |     1 |
|         394 |     1 |
|         250 |     1 |
|         341 |     1 |
|         335 |     1 |
|         438 |     1 |
|         381 |     1 |
|           5 |     1 |
|         396 |     1 |
|         135 |     1 |
|         554 |     1 |
|         527 |     1 |
|         533 |     1 |
|          34 |     1 |
|          20 |     1 |
|         476 |     1 |
|         386 |     1 |
|         132 |     1 |
|         183 |     1 |
|         172 |     1 |
|         171 |     1 |
|         494 |     1 |
|          74 |     1 |
|           5 |     1 |
|         122 |     1 |
|         472 |     1 |
|         285 |     1 |
|         575 |     1 |
|          39 |     1 |
|         304 |     1 |
|         406 |     1 |
|         475 |     1 |
|         592 |     1 |
|          52 |     1 |
|         385 |     1 |
|         161 |     1 |
|         132 |     1 |
|          39 |     1 |
|         375 |     1 |
|         285 |     1 |
|         294 |     1 |
|         495 |     1 |
|           7 |     1 |
|         130 |     1 |
|         209 |     1 |
|         115 |     1 |
|         270 |     1 |
|         278 |     1 |
|         242 |     1 |
|         404 |     1 |
|         241 |     1 |
|          75 |     1 |
|         399 |     1 |
|         385 |     1 |
|          80 |     1 |
|         590 |     1 |
|         469 |     1 |
|         238 |     1 |
|         253 |     1 |
|         177 |     1 |
|         151 |     1 |
|         433 |     1 |
|         337 |     1 |
|         133 |     1 |
|         197 |     1 |
|         340 |     1 |
|          58 |     1 |
|         559 |     1 |
|         512 |     1 |
|          10 |     1 |
|         375 |     1 |
|         528 |     1 |
|         340 |     1 |
|         522 |     1 |
|          79 |     1 |
|         483 |     1 |
|          56 |     1 |
|         198 |     1 |
|          60 |     1 |
|         119 |     1 |
|          18 |     1 |
|         246 |     1 |
|         244 |     1 |
|         200 |     1 |
|         150 |     1 |
|          16 |     1 |
|         449 |     1 |
|         568 |     1 |
|          80 |     1 |
|         276 |     1 |
|         596 |     1 |
|         444 |     1 |
|          98 |     1 |
|         374 |     1 |
|         120 |     1 |
|         519 |     1 |
|         135 |     1 |
|         125 |     1 |
|         203 |     1 |
|         538 |     1 |
|         560 |     1 |
|         181 |     1 |
|         594 |     1 |
|         381 |     1 |
|         147 |     1 |
|         558 |     1 |
|         567 |     1 |
|         418 |     1 |
|         177 |     1 |
|         400 |     1 |
|         532 |     1 |
|         369 |     1 |
|          64 |     1 |
|         386 |     1 |
|         515 |     1 |
|         365 |     1 |
|         394 |     1 |
|         188 |     1 |
|         326 |     1 |
|          18 |     1 |
|          90 |     1 |
|         580 |     1 |
|         576 |     1 |
|         534 |     1 |
|          75 |     1 |
|          16 |     1 |
|         309 |     1 |
|         595 |     1 |
|         368 |     1 |
|         278 |     1 |
|         538 |     1 |
|         560 |     1 |
|          21 |     1 |
|         544 |     1 |
|         272 |     1 |
|         149 |     1 |
|         377 |     1 |
|         197 |     1 |
|         144 |     1 |
|         469 |     1 |
|         416 |     1 |
|         197 |     1 |
|         439 |     1 |
|         307 |     1 |
|         508 |     1 |
|         266 |     1 |
|         181 |     1 |
|         214 |     1 |
|         201 |     1 |
|         518 |     1 |
|         147 |     1 |
|         273 |     1 |
|         460 |     1 |
|         239 |     1 |
|         596 |     1 |
|         188 |     1 |
|         373 |     1 |
|         256 |     1 |
|         497 |     1 |
|          36 |     1 |
|         208 |     1 |
|         276 |     1 |
|         357 |     1 |
|         337 |     1 |
|         420 |     1 |
|         488 |     1 |
|         273 |     1 |
|         348 |     1 |
|         262 |     1 |
|         485 |     1 |
|         485 |     1 |
|         181 |     1 |
|         407 |     1 |
|         263 |     1 |
|         565 |     1 |
|         493 |     1 |
|         220 |     1 |
|         578 |     1 |
|          51 |     1 |
|         259 |     1 |
|         577 |     1 |
|         495 |     1 |
|         208 |     1 |
|         397 |     1 |
|         490 |     1 |
|         127 |     1 |
|         160 |     1 |
|         403 |     1 |
|         274 |     1 |
|         338 |     1 |
|         264 |     1 |
|         225 |     1 |
|          27 |     1 |
|          76 |     1 |
|         534 |     1 |
|         308 |     1 |
|         141 |     1 |
|         145 |     1 |
|         583 |     1 |
|         116 |     1 |
|         178 |     1 |
|          46 |     1 |
|         596 |     1 |
|         203 |     1 |
|          89 |     1 |
|         287 |     1 |
|         480 |     1 |
|         340 |     1 |
|         376 |     1 |
|         209 |     1 |
|          11 |     1 |
|         456 |     1 |
|          49 |     1 |
|          62 |     1 |
|         129 |     1 |
|         501 |     1 |
|         309 |     1 |
|         308 |     1 |
|          97 |     1 |
|         522 |     1 |
|         343 |     1 |
|         405 |     1 |
|         482 |     1 |
|         587 |     1 |
|         476 |     1 |
|          46 |     1 |
|         471 |     1 |
|         554 |     1 |
|         148 |     1 |
|          78 |     1 |
|         487 |     1 |
|         422 |     1 |
|         252 |     1 |
|          90 |     1 |
|         217 |     1 |
|         410 |     1 |
|         387 |     1 |
|         482 |     1 |
|         593 |     1 |
|         102 |     1 |
|         137 |     1 |
|         192 |     1 |
|         333 |     1 |
|          42 |     1 |
|         441 |     1 |
|         280 |     1 |
|         368 |     1 |
|         278 |     1 |
|         199 |     1 |
|         154 |     1 |
|          27 |     1 |
|          41 |     1 |
|         356 |     1 |
|         274 |     1 |
|         451 |     1 |
|         360 |     1 |
|         312 |     1 |
|         375 |     1 |
|          25 |     1 |
|         131 |     1 |
|         176 |     1 |
|         161 |     1 |
|         134 |     1 |
|         201 |     1 |
|         424 |     1 |
|         473 |     1 |
|         562 |     1 |
|         568 |     1 |
|          33 |     1 |
|          75 |     1 |
|          84 |     1 |
|         506 |     1 |
|         230 |     1 |
|         175 |     1 |
|         559 |     1 |
|         487 |     1 |
|          45 |     1 |
|         334 |     1 |
|         528 |     1 |
|         253 |     1 |
|          54 |     1 |
|         301 |     1 |
|         569 |     1 |
|         493 |     1 |
|          77 |     1 |
|         573 |     1 |
|         428 |     1 |
|          64 |     1 |
|         210 |     1 |
|         201 |     1 |
|         109 |     1 |
|         306 |     1 |
|          51 |     1 |
|          77 |     1 |
|         505 |     1 |
|         338 |     1 |
|          23 |     1 |
|          29 |     1 |
|         139 |     1 |
|         290 |     1 |
|         486 |     1 |
|         547 |     1 |
|         593 |     1 |
|         439 |     1 |
|         463 |     1 |
|         561 |     1 |
|         269 |     1 |
|         413 |     1 |
|         266 |     1 |
|         195 |     1 |
|         477 |     1 |
|         565 |     1 |
|         584 |     1 |
|         418 |     1 |
|          25 |     1 |
|         378 |     1 |
|           2 |     1 |
|         115 |     1 |
|         531 |     1 |
|         555 |     1 |
|         539 |     1 |
|         239 |     1 |
|         540 |     1 |
|          98 |     1 |
|         460 |     1 |
|         288 |     1 |
|         211 |     1 |
|         305 |     1 |
|         206 |     1 |
|         545 |     1 |
|         595 |     1 |
|         313 |     1 |
|         142 |     1 |
|          42 |     1 |
|         445 |     1 |
|         416 |     1 |
|         502 |     1 |
|         161 |     1 |
|         120 |     1 |
|         531 |     1 |
|          78 |     1 |
|         377 |     1 |
|         470 |     1 |
|         532 |     1 |
|          56 |     1 |
|         500 |     1 |
|         220 |     1 |
|         389 |     1 |
|         451 |     1 |
|         144 |     1 |
|         111 |     1 |
|         483 |     1 |
|          20 |     1 |
|         490 |     1 |
|          54 |     1 |
|         447 |     1 |
|         160 |     1 |
|         431 |     1 |
|         399 |     1 |
|         375 |     1 |
|         538 |     1 |
|          36 |     1 |
|          36 |     1 |
|         580 |     1 |
|         584 |     1 |
|         149 |     1 |
|         234 |     1 |
|         244 |     1 |
|         260 |     1 |
|         383 |     1 |
|         348 |     1 |
|         127 |     1 |
|         491 |     1 |
|         361 |     1 |
|         326 |     1 |
|         300 |     1 |
|         487 |     1 |
|         160 |     1 |
|         547 |     1 |
|         305 |     1 |
|         345 |     1 |
|         380 |     1 |
|         450 |     1 |
|         186 |     1 |
|         597 |     1 |
|         349 |     1 |
|         509 |     1 |
|           7 |     1 |
|         111 |     1 |
|          77 |     1 |
|         180 |     1 |
|         383 |     1 |
|         323 |     1 |
|         340 |     1 |
|          26 |     1 |
|         334 |     1 |
|         435 |     1 |
|         227 |     1 |
|         265 |     1 |
|           5 |     1 |
|         583 |     1 |
|         272 |     1 |
|          45 |     1 |
|         216 |     1 |
|         473 |     1 |
|          98 |     1 |
|         375 |     1 |
|         596 |     1 |
|         326 |     1 |
|         256 |     1 |
|         162 |     1 |
|         527 |     1 |
|         269 |     1 |
|         138 |     1 |
|         116 |     1 |
|         480 |     1 |
|         197 |     1 |
|         112 |     1 |
|         242 |     1 |
|         385 |     1 |
|         206 |     1 |
|           6 |     1 |
|         427 |     1 |
|         419 |     1 |
|         531 |     1 |
|         412 |     1 |
|          66 |     1 |
|          45 |     1 |
|         569 |     1 |
|         361 |     1 |
|         359 |     1 |
|         155 |     1 |
|         586 |     1 |
|         305 |     1 |
|         502 |     1 |
|         220 |     1 |
|         403 |     1 |
|         170 |     1 |
|         223 |     1 |
|         435 |     1 |
|         439 |     1 |
|         573 |     1 |
|         122 |     1 |
|         402 |     1 |
|         526 |     1 |
|         416 |     1 |
|         491 |     1 |
|          38 |     1 |
|         234 |     1 |
|         446 |     1 |
|         331 |     1 |
|          50 |     1 |
|         577 |     1 |
|         182 |     1 |
|          88 |     1 |
|         137 |     1 |
|         274 |     1 |
|         189 |     1 |
|         496 |     1 |
|         245 |     1 |
|         346 |     1 |
|         461 |     1 |
|         338 |     1 |
|         357 |     1 |
|         373 |     1 |
|          85 |     1 |
|          52 |     1 |
|           4 |     1 |
|         298 |     1 |
|         294 |     1 |
|          21 |     1 |
|         234 |     1 |
|         277 |     1 |
|         503 |     1 |
|         211 |     1 |
|         158 |     1 |
|         587 |     1 |
|          29 |     1 |
|         571 |     1 |
|         513 |     1 |
|         190 |     1 |
|         295 |     1 |
|         369 |     1 |
|         276 |     1 |
|         371 |     1 |
|           2 |     1 |
|         138 |     1 |
|         421 |     1 |
|          89 |     1 |
|         423 |     1 |
|          60 |     1 |
|          82 |     1 |
|          18 |     1 |
|         278 |     1 |
|          34 |     1 |
|         575 |     1 |
|         570 |     1 |
|         102 |     1 |
|          65 |     1 |
|          80 |     1 |
|          73 |     1 |
|         158 |     1 |
|         196 |     1 |
|         245 |     1 |
|         287 |     1 |
|         410 |     1 |
|         447 |     1 |
|         479 |     1 |
|           4 |     1 |
|         378 |     1 |
|         207 |     1 |
|         231 |     1 |
|         572 |     1 |
|         408 |     1 |
|         344 |     1 |
|         474 |     1 |
|          15 |     1 |
|         489 |     1 |
|         322 |     1 |
|         572 |     1 |
|         383 |     1 |
|         150 |     1 |
|         249 |     1 |
|         237 |     1 |
|          47 |     1 |
|         351 |     1 |
|         386 |     1 |
|         566 |     1 |
|         329 |     1 |
|         293 |     1 |
|         398 |     1 |
|         120 |     1 |
|         372 |     1 |
|          32 |     1 |
|         559 |     1 |
|         310 |     1 |
|         458 |     1 |
|         236 |     1 |
|         132 |     1 |
|          15 |     1 |
|         306 |     1 |
|         100 |     1 |
|         376 |     1 |
|         291 |     1 |
|         552 |     1 |
|         597 |     1 |
|         230 |     1 |
|         358 |     1 |
|         527 |     1 |
|         391 |     1 |
|         494 |     1 |
|         220 |     1 |
|         160 |     1 |
|          73 |     1 |
|         465 |     1 |
|         244 |     1 |
|         190 |     1 |
|         249 |     1 |
|         436 |     1 |
|         503 |     1 |
|         277 |     1 |
|         505 |     1 |
|         580 |     1 |
|         513 |     1 |
|          11 |     1 |
|         451 |     1 |
|         555 |     1 |
|         329 |     1 |
|         547 |     1 |
|         339 |     1 |
|          76 |     1 |
|         146 |     1 |
|         328 |     1 |
|         164 |     1 |
|          37 |     1 |
|           2 |     1 |
|         342 |     1 |
|           5 |     1 |
|         534 |     1 |
|         557 |     1 |
|          54 |     1 |
|         102 |     1 |
|         259 |     1 |
|         469 |     1 |
|         353 |     1 |
|         410 |     1 |
|         485 |     1 |
|         565 |     1 |
|         254 |     1 |
|         571 |     1 |
|         349 |     1 |
|         292 |     1 |
|         135 |     1 |
|         177 |     1 |
|         126 |     1 |
|         122 |     1 |
|         540 |     1 |
|         578 |     1 |
|          98 |     1 |
|         195 |     1 |
|         231 |     1 |
|          92 |     1 |
|         247 |     1 |
|         552 |     1 |
|          72 |     1 |
|         481 |     1 |
|         320 |     1 |
|          24 |     1 |
|         202 |     1 |
|         245 |     1 |
|         343 |     1 |
|         584 |     1 |
|         407 |     1 |
|         197 |     1 |
|         473 |     1 |
|         417 |     1 |
|         500 |     1 |
|         461 |     1 |
|          84 |     1 |
|         146 |     1 |
|         407 |     1 |
|         597 |     1 |
|         181 |     1 |
|         159 |     1 |
|         282 |     1 |
|          65 |     1 |
|         144 |     1 |
|         332 |     1 |
|         257 |     1 |
|          90 |     1 |
|           8 |     1 |
|         266 |     1 |
|          27 |     1 |
|         127 |     1 |
|         420 |     1 |
|         426 |     1 |
|         506 |     1 |
|         111 |     1 |
|         597 |     1 |
|         543 |     1 |
|         434 |     1 |
|         361 |     1 |
|         142 |     1 |
|          92 |     1 |
|         550 |     1 |
|         441 |     1 |
|         312 |     1 |
|         157 |     1 |
|         279 |     1 |
|         532 |     1 |
|         337 |     1 |
|         303 |     1 |
|         315 |     1 |
|         569 |     1 |
|           2 |     1 |
|         468 |     1 |
|         242 |     1 |
|         330 |     1 |
|         207 |     1 |
|         204 |     1 |
|         348 |     1 |
|         421 |     1 |
|         360 |     1 |
|         531 |     1 |
|          99 |     1 |
|         244 |     1 |
|         558 |     1 |
|         297 |     1 |
|         418 |     1 |
|          93 |     1 |
|         158 |     1 |
|         541 |     1 |
|          70 |     1 |
|         464 |     1 |
|         190 |     1 |
|          68 |     1 |
|         143 |     1 |
|         125 |     1 |
|         134 |     1 |
|         137 |     1 |
|         273 |     1 |
|         134 |     1 |
|           8 |     1 |
|         585 |     1 |
|         207 |     1 |
|          55 |     1 |
|         298 |     1 |
|          10 |     1 |
|         582 |     1 |
|         417 |     1 |
|          13 |     1 |
|         475 |     1 |
|         411 |     1 |
|          67 |     1 |
|         154 |     1 |
|          62 |     1 |
|          35 |     1 |
|           1 |     1 |
|         552 |     1 |
|         502 |     1 |
|          51 |     1 |
|         417 |     1 |
|         413 |     1 |
|         341 |     1 |
|         247 |     1 |
|          15 |     1 |
|          16 |     1 |
|         275 |     1 |
|         415 |     1 |
|         197 |     1 |
|         190 |     1 |
|         419 |     1 |
|          26 |     1 |
|          13 |     1 |
|         108 |     1 |
|         502 |     1 |
|         532 |     1 |
|         178 |     1 |
|         550 |     1 |
|         266 |     1 |
|         418 |     1 |
|         419 |     1 |
|         540 |     1 |
|         422 |     1 |
|         530 |     1 |
|         361 |     1 |
|         219 |     1 |
|         399 |     1 |
|          75 |     1 |
|         568 |     1 |
|         467 |     1 |
|         225 |     1 |
|         560 |     1 |
|         157 |     1 |
|         473 |     1 |
|         366 |     1 |
|          26 |     1 |
|         263 |     1 |
|         366 |     1 |
|          15 |     1 |
|         179 |     1 |
|         466 |     1 |
|          38 |     1 |
|         405 |     1 |
|         100 |     1 |
|         217 |     1 |
|         389 |     1 |
|          73 |     1 |
|         598 |     1 |
|         198 |     1 |
|         546 |     1 |
|         444 |     1 |
|         569 |     1 |
|         185 |     1 |
|         200 |     1 |
|         148 |     1 |
|          56 |     1 |
|         466 |     1 |
|          66 |     1 |
|         547 |     1 |
|         331 |     1 |
|         274 |     1 |
|          44 |     1 |
|         508 |     1 |
|         280 |     1 |
|           1 |     1 |
|         153 |     1 |
|         480 |     1 |
|         146 |     1 |
|         561 |     1 |
|         327 |     1 |
|         267 |     1 |
|         424 |     1 |
|         346 |     1 |
|         177 |     1 |
|         119 |     1 |
|         188 |     1 |
|          61 |     1 |
|         551 |     1 |
|         451 |     1 |
|         407 |     1 |
|         445 |     1 |
|         225 |     1 |
|         192 |     1 |
|         183 |     1 |
|         481 |     1 |
|         369 |     1 |
|         270 |     1 |
|         294 |     1 |
|         403 |     1 |
|         146 |     1 |
|         501 |     1 |
|         257 |     1 |
|         225 |     1 |
|          59 |     1 |
|         470 |     1 |
|           6 |     1 |
|         565 |     1 |
|           9 |     1 |
|         544 |     1 |
|         561 |     1 |
|         587 |     1 |
|          60 |     1 |
|          10 |     1 |
|         525 |     1 |
|         513 |     1 |
|          83 |     1 |
|         418 |     1 |
|         592 |     1 |
|         141 |     1 |
|         141 |     1 |
|         297 |     1 |
|         353 |     1 |
|         572 |     1 |
|          58 |     1 |
|         437 |     1 |
|          91 |     1 |
|         444 |     1 |
|         158 |     1 |
|         473 |     1 |
|          72 |     1 |
|         241 |     1 |
|          84 |     1 |
|         419 |     1 |
|         572 |     1 |
|         403 |     1 |
|         326 |     1 |
|         348 |     1 |
|         140 |     1 |
|         271 |     1 |
|         540 |     1 |
|         518 |     1 |
|         391 |     1 |
|         502 |     1 |
|         106 |     1 |
|         225 |     1 |
|         372 |     1 |
|          18 |     1 |
|         306 |     1 |
|         389 |     1 |
|         208 |     1 |
|         581 |     1 |
|          28 |     1 |
|         108 |     1 |
|         342 |     1 |
|         508 |     1 |
|         496 |     1 |
|         443 |     1 |
|         214 |     1 |
|         515 |     1 |
|          35 |     1 |
|          84 |     1 |
|         199 |     1 |
|         498 |     1 |
|         322 |     1 |
|         379 |     1 |
|         575 |     1 |
|         392 |     1 |
|         403 |     1 |
|          65 |     1 |
|         268 |     1 |
|         138 |     1 |
|         577 |     1 |
|         447 |     1 |
|         556 |     1 |
|         117 |     1 |
|         413 |     1 |
|          77 |     1 |
|         346 |     1 |
|         355 |     1 |
|         410 |     1 |
|         536 |     1 |
|         214 |     1 |
|         194 |     1 |
|         144 |     1 |
|          47 |     1 |
|         197 |     1 |
|         237 |     1 |
|          14 |     1 |
|         234 |     1 |
|         134 |     1 |
|          45 |     1 |
|         165 |     1 |
|         326 |     1 |
|         236 |     1 |
|         239 |     1 |
|          45 |     1 |
|         474 |     1 |
|         156 |     1 |
|         307 |     1 |
|         349 |     1 |
|         124 |     1 |
|         579 |     1 |
|         247 |     1 |
|         155 |     1 |
|          12 |     1 |
|         482 |     1 |
|         172 |     1 |
|         584 |     1 |
|          23 |     1 |
|          11 |     1 |
|         526 |     1 |
|         350 |     1 |
|          34 |     1 |
|         565 |     1 |
|         236 |     1 |
|          19 |     1 |
|         273 |     1 |
|         400 |     1 |
|         397 |     1 |
|         373 |     1 |
|         499 |     1 |
|         423 |     1 |
|         279 |     1 |
|          90 |     1 |
|         280 |     1 |
|         407 |     1 |
|         381 |     1 |
|         119 |     1 |
|         229 |     1 |
|         599 |     1 |
|         421 |     1 |
|         533 |     1 |
|         174 |     1 |
|         572 |     1 |
|         264 |     1 |
|          14 |     1 |
|           4 |     1 |
|         400 |     1 |
|         278 |     1 |
|         413 |     1 |
|         264 |     1 |
|         144 |     1 |
|         356 |     1 |
|         428 |     1 |
|         474 |     1 |
|         431 |     1 |
|         264 |     1 |
|         370 |     1 |
|         335 |     1 |
|           7 |     1 |
|         238 |     1 |
|         439 |     1 |
|         257 |     1 |
|          24 |     1 |
|         114 |     1 |
|         323 |     1 |
|         402 |     1 |
|         339 |     1 |
|         168 |     1 |
|         230 |     1 |
|         360 |     1 |
|         460 |     1 |
|         372 |     1 |
|           9 |     1 |
|         416 |     1 |
|         403 |     1 |
|         385 |     1 |
|         320 |     1 |
|         149 |     1 |
|         424 |     1 |
|          83 |     1 |
|         332 |     1 |
|          83 |     1 |
|         520 |     1 |
|         558 |     1 |
|         342 |     1 |
|         504 |     1 |
|         343 |     1 |
|         296 |     1 |
|         515 |     1 |
|         146 |     1 |
|         277 |     1 |
|         319 |     1 |
|         293 |     1 |
|         219 |     1 |
|         590 |     1 |
|         356 |     1 |
|         436 |     1 |
|         231 |     1 |
|         339 |     1 |
|         542 |     1 |
|         479 |     1 |
|         297 |     1 |
|         465 |     1 |
|         156 |     1 |
|         565 |     1 |
|         554 |     1 |
|         491 |     1 |
|           6 |     1 |
|         383 |     1 |
|          99 |     1 |
|         198 |     1 |
|         350 |     1 |
|         290 |     1 |
|         272 |     1 |
|         319 |     1 |
|         112 |     1 |
|         400 |     1 |
|         471 |     1 |
|         391 |     1 |
|         406 |     1 |
|         388 |     1 |
|         455 |     1 |
|         499 |     1 |
|         242 |     1 |
|         448 |     1 |
|          73 |     1 |
|         275 |     1 |
|         192 |     1 |
|         526 |     1 |
|         126 |     1 |
|           2 |     1 |
|         436 |     1 |
|          36 |     1 |
|         324 |     1 |
|         175 |     1 |
|         374 |     1 |
|         502 |     1 |
|         216 |     1 |
|         220 |     1 |
|         163 |     1 |
|         527 |     1 |
|         521 |     1 |
|         266 |     1 |
|         168 |     1 |
|         256 |     1 |
|         299 |     1 |
|          72 |     1 |
|         168 |     1 |
|         238 |     1 |
|         468 |     1 |
|         206 |     1 |
|          98 |     1 |
|         276 |     1 |
|         283 |     1 |
|         152 |     1 |
|         462 |     1 |
|         501 |     1 |
|          79 |     1 |
|          25 |     1 |
|         197 |     1 |
|         438 |     1 |
|          35 |     1 |
|          11 |     1 |
|         110 |     1 |
|         465 |     1 |
|         217 |     1 |
|         418 |     1 |
|         143 |     1 |
|         597 |     1 |
|         358 |     1 |
|         218 |     1 |
|         113 |     1 |
|          56 |     1 |
|          53 |     1 |
|         422 |     1 |
|         112 |     1 |
|         525 |     1 |
|          27 |     1 |
|         177 |     1 |
|         373 |     1 |
|         433 |     1 |
|         254 |     1 |
|         531 |     1 |
|         582 |     1 |
|         249 |     1 |
|         487 |     1 |
|         286 |     1 |
|         338 |     1 |
|         521 |     1 |
|         303 |     1 |
|         306 |     1 |
|         514 |     1 |
|         216 |     1 |
|         407 |     1 |
|         176 |     1 |
|          72 |     1 |
|         221 |     1 |
|         543 |     1 |
|         387 |     1 |
|          66 |     1 |
|         517 |     1 |
|          51 |     1 |
|         392 |     1 |
|         169 |     1 |
|          82 |     1 |
|         419 |     1 |
|         267 |     1 |
|         515 |     1 |
|         350 |     1 |
|         221 |     1 |
|         410 |     1 |
|         386 |     1 |
|         522 |     1 |
|         329 |     1 |
|         353 |     1 |
|         339 |     1 |
|         104 |     1 |
|          34 |     1 |
|         526 |     1 |
|         279 |     1 |
|         135 |     1 |
|         489 |     1 |
|         414 |     1 |
|         581 |     1 |
|         582 |     1 |
|         330 |     1 |
|         553 |     1 |
|         470 |     1 |
|         203 |     1 |
|         590 |     1 |
|         151 |     1 |
|         452 |     1 |
|         287 |     1 |
|         566 |     1 |
|         555 |     1 |
|         338 |     1 |
|         121 |     1 |
|          46 |     1 |
|         321 |     1 |
|         341 |     1 |
|         207 |     1 |
|          45 |     1 |
|         266 |     1 |
|           6 |     1 |
|         444 |     1 |
|         215 |     1 |
|          98 |     1 |
|          52 |     1 |
|         137 |     1 |
|         251 |     1 |
|         337 |     1 |
|         452 |     1 |
|         535 |     1 |
|         549 |     1 |
|         347 |     1 |
|         373 |     1 |
|          27 |     1 |
|         473 |     1 |
|         470 |     1 |
|         336 |     1 |
|          26 |     1 |
|         240 |     1 |
|         299 |     1 |
|         555 |     1 |
|         595 |     1 |
|         567 |     1 |
|         190 |     1 |
|          51 |     1 |
|         481 |     1 |
|          43 |     1 |
|         163 |     1 |
|         513 |     1 |
|         198 |     1 |
|         550 |     1 |
|         533 |     1 |
|         108 |     1 |
|         545 |     1 |
|          13 |     1 |
|         244 |     1 |
|         586 |     1 |
|         252 |     1 |
|         308 |     1 |
|         544 |     1 |
|          77 |     1 |
|         564 |     1 |
|         418 |     1 |
|         475 |     1 |
|         324 |     1 |
|         237 |     1 |
|         384 |     1 |
|         488 |     1 |
|         574 |     1 |
|         306 |     1 |
|          83 |     1 |
|         213 |     1 |
|         126 |     1 |
|         297 |     1 |
|         506 |     1 |
|         354 |     1 |
|         152 |     1 |
|         297 |     1 |
|         182 |     1 |
|         435 |     1 |
|         195 |     1 |
|         560 |     1 |
|         150 |     1 |
|         451 |     1 |
|         219 |     1 |
|         376 |     1 |
|         352 |     1 |
|         453 |     1 |
|         565 |     1 |
|         435 |     1 |
|         546 |     1 |
|         448 |     1 |
|         501 |     1 |
|         350 |     1 |
|         126 |     1 |
|         221 |     1 |
|         160 |     1 |
|         556 |     1 |
|         208 |     1 |
|         125 |     1 |
|         201 |     1 |
|         462 |     1 |
|         305 |     1 |
|         270 |     1 |
|         130 |     1 |
|         132 |     1 |
|          36 |     1 |
|         509 |     1 |
|         192 |     1 |
|         224 |     1 |
|          38 |     1 |
|         512 |     1 |
|         208 |     1 |
|         401 |     1 |
|          20 |     1 |
|         263 |     1 |
|         352 |     1 |
|           1 |     1 |
|         296 |     1 |
|         536 |     1 |
|         523 |     1 |
|         268 |     1 |
|         563 |     1 |
|         522 |     1 |
|          32 |     1 |
|         125 |     1 |
|         424 |     1 |
|         261 |     1 |
|         479 |     1 |
|         198 |     1 |
|          81 |     1 |
|         161 |     1 |
|          80 |     1 |
|         491 |     1 |
|         270 |     1 |
|         422 |     1 |
|         187 |     1 |
|         368 |     1 |
|          65 |     1 |
|         283 |     1 |
|         337 |     1 |
|         152 |     1 |
|          92 |     1 |
|          80 |     1 |
|         376 |     1 |
|         596 |     1 |
|           6 |     1 |
|         313 |     1 |
|         535 |     1 |
|          28 |     1 |
|         146 |     1 |
|         503 |     1 |
|         144 |     1 |
|         257 |     1 |
|         232 |     1 |
|         529 |     1 |
|         112 |     1 |
|          96 |     1 |
|         345 |     1 |
|         200 |     1 |
|         434 |     1 |
|         445 |     1 |
|          19 |     1 |
|         432 |     1 |
|         484 |     1 |
|         113 |     1 |
|         554 |     1 |
|         467 |     1 |
|         294 |     1 |
|         426 |     1 |
|         445 |     1 |
|         549 |     1 |
|         312 |     1 |
|         597 |     1 |
|         272 |     1 |
|         234 |     1 |
|         551 |     1 |
|         178 |     1 |
|         481 |     1 |
|         204 |     1 |
|          54 |     1 |
|         160 |     1 |
|         395 |     1 |
|         487 |     1 |
|         115 |     1 |
|         227 |     1 |
|         496 |     1 |
|          67 |     1 |
|         236 |     1 |
|         436 |     1 |
|         238 |     1 |
|         169 |     1 |
|          84 |     1 |
|         239 |     1 |
|          70 |     1 |
|          63 |     1 |
|         542 |     1 |
|         145 |     1 |
|         349 |     1 |
|         478 |     1 |
|         505 |     1 |
|         314 |     1 |
|         474 |     1 |
|         418 |     1 |
|         472 |     1 |
|         573 |     1 |
|         295 |     1 |
|         230 |     1 |
|         269 |     1 |
|          86 |     1 |
|         270 |     1 |
|         533 |     1 |
|          40 |     1 |
|         402 |     1 |
|         485 |     1 |
|          15 |     1 |
|          72 |     1 |
|         202 |     1 |
|         370 |     1 |
|         516 |     1 |
|         178 |     1 |
|         261 |     1 |
|         327 |     1 |
|           5 |     1 |
|         242 |     1 |
|         364 |     1 |
|         438 |     1 |
|         596 |     1 |
|          66 |     1 |
|         380 |     1 |
|         515 |     1 |
|         426 |     1 |
|         516 |     1 |
|         163 |     1 |
|         566 |     1 |
|         576 |     1 |
|          69 |     1 |
|         389 |     1 |
|         380 |     1 |
|         569 |     1 |
|         220 |     1 |
|          40 |     1 |
|         198 |     1 |
|         190 |     1 |
|         155 |     1 |
|         288 |     1 |
|         399 |     1 |
|         145 |     1 |
|         319 |     1 |
|         457 |     1 |
|         198 |     1 |
|         217 |     1 |
|         101 |     1 |
|          84 |     1 |
|         276 |     1 |
|          29 |     1 |
|         211 |     1 |
|         309 |     1 |
|         490 |     1 |
|         283 |     1 |
|         521 |     1 |
|         239 |     1 |
|         550 |     1 |
|          21 |     1 |
|         131 |     1 |
|         308 |     1 |
|         131 |     1 |
|         485 |     1 |
|         458 |     1 |
|         373 |     1 |
|         536 |     1 |
|         499 |     1 |
|         255 |     1 |
|         589 |     1 |
|         294 |     1 |
|         186 |     1 |
|         304 |     1 |
|          96 |     1 |
|         198 |     1 |
|         352 |     1 |
|         494 |     1 |
|          62 |     1 |
|         439 |     1 |
|          17 |     1 |
|         361 |     1 |
|         136 |     1 |
|         303 |     1 |
|         319 |     1 |
|          69 |     1 |
|         510 |     1 |
|         411 |     1 |
|         299 |     1 |
|         125 |     1 |
|         149 |     1 |
|          52 |     1 |
|          75 |     1 |
|          70 |     1 |
|         499 |     1 |
|         403 |     1 |
|         272 |     1 |
|         268 |     1 |
|         562 |     1 |
|         296 |     1 |
|         554 |     1 |
|         313 |     1 |
|          69 |     1 |
|         586 |     1 |
|         554 |     1 |
|          11 |     1 |
|         327 |     1 |
|         573 |     1 |
|         319 |     1 |
|          90 |     1 |
|          72 |     1 |
|          27 |     1 |
|         461 |     1 |
|          22 |     1 |
|         484 |     1 |
|         209 |     1 |
|         468 |     1 |
|         285 |     1 |
|         316 |     1 |
|         148 |     1 |
|         434 |     1 |
|          10 |     1 |
|         141 |     1 |
|         321 |     1 |
|         321 |     1 |
|         469 |     1 |
|          85 |     1 |
|         356 |     1 |
|         148 |     1 |
|         563 |     1 |
|         558 |     1 |
|         295 |     1 |
|         570 |     1 |
|         592 |     1 |
|         388 |     1 |
|         556 |     1 |
|         435 |     1 |
|         251 |     1 |
|         466 |     1 |
|         178 |     1 |
|         405 |     1 |
|         579 |     1 |
|         536 |     1 |
|         280 |     1 |
|          53 |     1 |
|          35 |     1 |
|         460 |     1 |
|         263 |     1 |
|         540 |     1 |
|         393 |     1 |
|         127 |     1 |
|         532 |     1 |
|         330 |     1 |
|         550 |     1 |
|         284 |     1 |
|          77 |     1 |
|         267 |     1 |
|         514 |     1 |
|         388 |     1 |
|         389 |     1 |
|         158 |     1 |
|         507 |     1 |
|          61 |     1 |
|         173 |     1 |
|         417 |     1 |
|         125 |     1 |
|         298 |     1 |
|         550 |     1 |
|         137 |     1 |
|         230 |     1 |
|         394 |     1 |
|         597 |     1 |
|         521 |     1 |
|         474 |     1 |
|          60 |     1 |
|          31 |     1 |
|         140 |     1 |
|         144 |     1 |
|         360 |     1 |
|         538 |     1 |
|         391 |     1 |
|         555 |     1 |
|          38 |     1 |
|         141 |     1 |
|         130 |     1 |
|          46 |     1 |
|         463 |     1 |
|         325 |     1 |
|         545 |     1 |
|         195 |     1 |
|         391 |     1 |
|         479 |     1 |
|         392 |     1 |
|         153 |     1 |
|          16 |     1 |
|         390 |     1 |
|         465 |     1 |
|         141 |     1 |
|         207 |     1 |
|         509 |     1 |
|         511 |     1 |
|         317 |     1 |
|         576 |     1 |
|         393 |     1 |
|          65 |     1 |
|         457 |     1 |
|         560 |     1 |
|         303 |     1 |
|          89 |     1 |
|         567 |     1 |
|         323 |     1 |
|          69 |     1 |
|         375 |     1 |
|         497 |     1 |
|          22 |     1 |
|         573 |     1 |
|         302 |     1 |
|         582 |     1 |
|         415 |     1 |
|         146 |     1 |
|         516 |     1 |
|          21 |     1 |
|         403 |     1 |
|         132 |     1 |
|         288 |     1 |
|         381 |     1 |
|         527 |     1 |
|         109 |     1 |
|         317 |     1 |
|         342 |     1 |
|         408 |     1 |
|         101 |     1 |
|         373 |     1 |
|         117 |     1 |
|         587 |     1 |
|           5 |     1 |
|         434 |     1 |
|          41 |     1 |
|         254 |     1 |
|         277 |     1 |
|         555 |     1 |
|           4 |     1 |
|         367 |     1 |
|         387 |     1 |
|         163 |     1 |
|         315 |     1 |
|         212 |     1 |
|         569 |     1 |
|         289 |     1 |
|         106 |     1 |
|         481 |     1 |
|         444 |     1 |
|         284 |     1 |
|         455 |     1 |
|         587 |     1 |
|          24 |     1 |
|         184 |     1 |
|         338 |     1 |
|         535 |     1 |
|         323 |     1 |
|         289 |     1 |
|         457 |     1 |
|         226 |     1 |
|          41 |     1 |
|         101 |     1 |
|         328 |     1 |
|         255 |     1 |
|         470 |     1 |
|         276 |     1 |
|         222 |     1 |
|          20 |     1 |
|          81 |     1 |
|         555 |     1 |
|         344 |     1 |
|          51 |     1 |
|         588 |     1 |
|         312 |     1 |
|          38 |     1 |
|         456 |     1 |
|         363 |     1 |
|          28 |     1 |
|         316 |     1 |
|         270 |     1 |
|         290 |     1 |
|         558 |     1 |
|         347 |     1 |
|         111 |     1 |
|         564 |     1 |
|          86 |     1 |
|          96 |     1 |
|          52 |     1 |
|         540 |     1 |
|         563 |     1 |
|         591 |     1 |
|         575 |     1 |
|         437 |     1 |
|         254 |     1 |
|         265 |     1 |
|         551 |     1 |
|         243 |     1 |
|         217 |     1 |
|          19 |     1 |
|         449 |     1 |
|         157 |     1 |
|         231 |     1 |
|          47 |     1 |
|         131 |     1 |
|         105 |     1 |
|          70 |     1 |
|         271 |     1 |
|         530 |     1 |
|          98 |     1 |
|          22 |     1 |
|         397 |     1 |
|         372 |     1 |
|         306 |     1 |
|         234 |     1 |
|         591 |     1 |
|           9 |     1 |
|         382 |     1 |
|         231 |     1 |
|         231 |     1 |
|          87 |     1 |
|         535 |     1 |
|         352 |     1 |
|         595 |     1 |
|         474 |     1 |
|         381 |     1 |
|          46 |     1 |
|          75 |     1 |
|          30 |     1 |
|         248 |     1 |
|         121 |     1 |
|         354 |     1 |
|         362 |     1 |
|         576 |     1 |
|         258 |     1 |
|         254 |     1 |
|         562 |     1 |
|         135 |     1 |
|           1 |     1 |
|         276 |     1 |
|         350 |     1 |
|         446 |     1 |
|           6 |     1 |
|         266 |     1 |
|         572 |     1 |
|          87 |     1 |
|          83 |     1 |
|         429 |     1 |
|         150 |     1 |
|         485 |     1 |
|         125 |     1 |
|         131 |     1 |
|          87 |     1 |
|         247 |     1 |
|         467 |     1 |
|         388 |     1 |
|          39 |     1 |
|         573 |     1 |
|         190 |     1 |
|         471 |     1 |
|          15 |     1 |
|         431 |     1 |
|          47 |     1 |
|         507 |     1 |
|         397 |     1 |
|          33 |     1 |
|         294 |     1 |
|         421 |     1 |
|          46 |     1 |
|         417 |     1 |
|         173 |     1 |
|         240 |     1 |
|         147 |     1 |
|         215 |     1 |
|          34 |     1 |
|         136 |     1 |
|         523 |     1 |
|         575 |     1 |
|         283 |     1 |
|          73 |     1 |
|          58 |     1 |
|         514 |     1 |
|           4 |     1 |
|         532 |     1 |
|         258 |     1 |
|         436 |     1 |
|          46 |     1 |
|         176 |     1 |
|         540 |     1 |
|         317 |     1 |
|         514 |     1 |
|         245 |     1 |
|         228 |     1 |
|         534 |     1 |
|         541 |     1 |
|         187 |     1 |
|         569 |     1 |
|           9 |     1 |
|         385 |     1 |
|         211 |     1 |
|         185 |     1 |
|         180 |     1 |
|         455 |     1 |
|         579 |     1 |
|          94 |     1 |
|         510 |     1 |
|         332 |     1 |
|         368 |     1 |
|         267 |     1 |
|         274 |     1 |
|         365 |     1 |
|         336 |     1 |
|         221 |     1 |
|         404 |     1 |
|         114 |     1 |
|         261 |     1 |
|          77 |     1 |
|         397 |     1 |
|         587 |     1 |
|         483 |     1 |
|         235 |     1 |
|          18 |     1 |
|         160 |     1 |
|         150 |     1 |
|          75 |     1 |
|         117 |     1 |
|         408 |     1 |
|         370 |     1 |
|         239 |     1 |
|         154 |     1 |
|          63 |     1 |
|         507 |     1 |
|         269 |     1 |
|          44 |     1 |
|         265 |     1 |
|         454 |     1 |
|         186 |     1 |
|         545 |     1 |
|         172 |     1 |
|          95 |     1 |
|         155 |     1 |
|         141 |     1 |
|         499 |     1 |
|         452 |     1 |
|         529 |     1 |
|          19 |     1 |
|          16 |     1 |
|          28 |     1 |
|         123 |     1 |
|         250 |     1 |
|         367 |     1 |
|         181 |     1 |
|          84 |     1 |
|         303 |     1 |
|         115 |     1 |
|           7 |     1 |
|         392 |     1 |
|         337 |     1 |
|         503 |     1 |
|         451 |     1 |
|         131 |     1 |
|         367 |     1 |
|          74 |     1 |
|         365 |     1 |
|         116 |     1 |
|          31 |     1 |
|         266 |     1 |
|          99 |     1 |
|         215 |     1 |
|         190 |     1 |
|         566 |     1 |
|         295 |     1 |
|         193 |     1 |
|         146 |     1 |
|         199 |     1 |
|         530 |     1 |
|         555 |     1 |
|         394 |     1 |
|         377 |     1 |
|         307 |     1 |
|         113 |     1 |
|         396 |     1 |
|         330 |     1 |
|         541 |     1 |
|          40 |     1 |
|         371 |     1 |
|         321 |     1 |
|         347 |     1 |
|          10 |     1 |
|         479 |     1 |
|         123 |     1 |
|         440 |     1 |
|         342 |     1 |
|         266 |     1 |
|         510 |     1 |
|         220 |     1 |
|         143 |     1 |
|          64 |     1 |
|         210 |     1 |
|         181 |     1 |
|          75 |     1 |
|         366 |     1 |
|          32 |     1 |
|         443 |     1 |
|         515 |     1 |
|          71 |     1 |
|         241 |     1 |
|         133 |     1 |
|         477 |     1 |
|         158 |     1 |
|         451 |     1 |
|         470 |     1 |
|         319 |     1 |
|         405 |     1 |
|          75 |     1 |
|         333 |     1 |
|         121 |     1 |
|         436 |     1 |
|         196 |     1 |
|          89 |     1 |
|         263 |     1 |
|         552 |     1 |
|         314 |     1 |
|         160 |     1 |
|         499 |     1 |
|         467 |     1 |
|         186 |     1 |
|         153 |     1 |
|         474 |     1 |
|         561 |     1 |
|         270 |     1 |
|         233 |     1 |
|         285 |     1 |
|         350 |     1 |
|         448 |     1 |
|         469 |     1 |
|          72 |     1 |
|         285 |     1 |
|         518 |     1 |
|         183 |     1 |
|         358 |     1 |
|         104 |     1 |
|         184 |     1 |
|          46 |     1 |
|          85 |     1 |
|          80 |     1 |
|         277 |     1 |
|          39 |     1 |
|         419 |     1 |
|          27 |     1 |
|         574 |     1 |
|         214 |     1 |
|         157 |     1 |
|         486 |     1 |
|         462 |     1 |
|         212 |     1 |
|          80 |     1 |
|         237 |     1 |
|          82 |     1 |
|         101 |     1 |
|         297 |     1 |
|         303 |     1 |
|          78 |     1 |
|         401 |     1 |
|         122 |     1 |
|          74 |     1 |
|          42 |     1 |
|         401 |     1 |
|         446 |     1 |
|         218 |     1 |
|         247 |     1 |
|         488 |     1 |
|         300 |     1 |
|         345 |     1 |
|         515 |     1 |
|         485 |     1 |
|          29 |     1 |
|          60 |     1 |
|         187 |     1 |
|         247 |     1 |
|         224 |     1 |
|         487 |     1 |
|         522 |     1 |
|         102 |     1 |
|         489 |     1 |
|         388 |     1 |
|         408 |     1 |
|          42 |     1 |
|         310 |     1 |
|         173 |     1 |
|         235 |     1 |
|         379 |     1 |
|          44 |     1 |
|         406 |     1 |
|         114 |     1 |
|         584 |     1 |
|          29 |     1 |
|         175 |     1 |
|         394 |     1 |
|         447 |     1 |
|         148 |     1 |
|         527 |     1 |
|         400 |     1 |
|          63 |     1 |
|         302 |     1 |
|         520 |     1 |
|         264 |     1 |
|         203 |     1 |
|          52 |     1 |
|         369 |     1 |
|         342 |     1 |
|         230 |     1 |
|         438 |     1 |
|          96 |     1 |
|          54 |     1 |
|         459 |     1 |
|         398 |     1 |
|         382 |     1 |
|         521 |     1 |
|          27 |     1 |
|         184 |     1 |
|         331 |     1 |
|         187 |     1 |
|         516 |     1 |
|         373 |     1 |
|          56 |     1 |
|         118 |     1 |
|         136 |     1 |
|         304 |     1 |
|         584 |     1 |
|         230 |     1 |
|         324 |     1 |
|         354 |     1 |
|         168 |     1 |
|          30 |     1 |
|         591 |     1 |
|         426 |     1 |
|         377 |     1 |
|         138 |     1 |
|          15 |     1 |
|         413 |     1 |
|         454 |     1 |
|         404 |     1 |
|         557 |     1 |
|           3 |     1 |
|         364 |     1 |
|         289 |     1 |
|         513 |     1 |
|         596 |     1 |
|         392 |     1 |
|         212 |     1 |
|         393 |     1 |
|         348 |     1 |
|         211 |     1 |
|         407 |     1 |
|         308 |     1 |
|         569 |     1 |
|          29 |     1 |
|         211 |     1 |
|         591 |     1 |
|         253 |     1 |
|         182 |     1 |
|         317 |     1 |
|         117 |     1 |
|         119 |     1 |
|          16 |     1 |
|         514 |     1 |
|         547 |     1 |
|          53 |     1 |
|          70 |     1 |
|         462 |     1 |
|         108 |     1 |
|         371 |     1 |
|         110 |     1 |
|         460 |     1 |
|         499 |     1 |
|         415 |     1 |
|         275 |     1 |
|         308 |     1 |
|         546 |     1 |
|         305 |     1 |
|          72 |     1 |
|         198 |     1 |
|         286 |     1 |
|         378 |     1 |
|         474 |     1 |
|         340 |     1 |
|          34 |     1 |
|         171 |     1 |
|         598 |     1 |
|         533 |     1 |
|         119 |     1 |
|          12 |     1 |
|         496 |     1 |
|         275 |     1 |
|         526 |     1 |
|         366 |     1 |
|         486 |     1 |
|         269 |     1 |
|         359 |     1 |
|         129 |     1 |
|           8 |     1 |
|          60 |     1 |
|          29 |     1 |
|         476 |     1 |
|         564 |     1 |
|         117 |     1 |
|         592 |     1 |
|         221 |     1 |
|         439 |     1 |
|         529 |     1 |
|         177 |     1 |
|         434 |     1 |
|         108 |     1 |
|         361 |     1 |
|         150 |     1 |
|         520 |     1 |
|         459 |     1 |
|         452 |     1 |
|         339 |     1 |
|         381 |     1 |
|         469 |     1 |
|         549 |     1 |
|          15 |     1 |
|         380 |     1 |
|         145 |     1 |
|         172 |     1 |
|         500 |     1 |
|         544 |     1 |
|         467 |     1 |
|         167 |     1 |
|         165 |     1 |
|         300 |     1 |
|         457 |     1 |
|         388 |     1 |
|         520 |     1 |
|         519 |     1 |
|         530 |     1 |
|         276 |     1 |
|          34 |     1 |
|           9 |     1 |
|          78 |     1 |
|         438 |     1 |
|         533 |     1 |
|         286 |     1 |
|         100 |     1 |
|         193 |     1 |
|         329 |     1 |
|          21 |     1 |
|         333 |     1 |
|          75 |     1 |
|         375 |     1 |
|         577 |     1 |
|         410 |     1 |
|         251 |     1 |
|         545 |     1 |
|          14 |     1 |
|         433 |     1 |
|         580 |     1 |
|         577 |     1 |
|         228 |     1 |
|         535 |     1 |
|         185 |     1 |
|         140 |     1 |
|         393 |     1 |
|         334 |     1 |
|         181 |     1 |
|         463 |     1 |
|         259 |     1 |
|         518 |     1 |
|         245 |     1 |
|         166 |     1 |
|         196 |     1 |
|         114 |     1 |
|         385 |     1 |
|         285 |     1 |
|          65 |     1 |
|         296 |     1 |
|         361 |     1 |
|         534 |     1 |
|         273 |     1 |
|         584 |     1 |
|         268 |     1 |
|         483 |     1 |
|         374 |     1 |
|         152 |     1 |
|         497 |     1 |
|          66 |     1 |
|         397 |     1 |
|         489 |     1 |
|         474 |     1 |
|         453 |     1 |
|          93 |     1 |
|         517 |     1 |
|         170 |     1 |
|         426 |     1 |
|          28 |     1 |
|         476 |     1 |
|         310 |     1 |
|         122 |     1 |
|         444 |     1 |
|          56 |     1 |
|         372 |     1 |
|         266 |     1 |
|         570 |     1 |
|         167 |     1 |
|         176 |     1 |
|          87 |     1 |
|         419 |     1 |
|         239 |     1 |
|         416 |     1 |
|         430 |     1 |
|         242 |     1 |
|          51 |     1 |
|         397 |     1 |
|         178 |     1 |
|         129 |     1 |
|         424 |     1 |
|           7 |     1 |
|         128 |     1 |
|         535 |     1 |
|         144 |     1 |
|         121 |     1 |
|         383 |     1 |
|         244 |     1 |
|         204 |     1 |
|         589 |     1 |
|         292 |     1 |
|         330 |     1 |
|         435 |     1 |
|          68 |     1 |
|         565 |     1 |
|         593 |     1 |
|          24 |     1 |
|         211 |     1 |
|         549 |     1 |
|         373 |     1 |
|         388 |     1 |
|         535 |     1 |
|         352 |     1 |
|         514 |     1 |
|         470 |     1 |
|         134 |     1 |
|         439 |     1 |
|          89 |     1 |
|         147 |     1 |
|          30 |     1 |
|         354 |     1 |
|         363 |     1 |
|         364 |     1 |
|         502 |     1 |
|         472 |     1 |
|         183 |     1 |
|         298 |     1 |
|          50 |     1 |
|         432 |     1 |
|         458 |     1 |
|         504 |     1 |
|         575 |     1 |
|         484 |     1 |
|         397 |     1 |
|         360 |     1 |
|          21 |     1 |
|          54 |     1 |
|          55 |     1 |
|         130 |     1 |
|         290 |     1 |
|         325 |     1 |
|         373 |     1 |
|         168 |     1 |
|         495 |     1 |
|         503 |     1 |
|         513 |     1 |
|         145 |     1 |
|         512 |     1 |
|         278 |     1 |
|          90 |     1 |
|         557 |     1 |
|          44 |     1 |
|         573 |     1 |
|         405 |     1 |
|         403 |     1 |
|         336 |     1 |
|         360 |     1 |
|         368 |     1 |
|           5 |     1 |
|         534 |     1 |
|         197 |     1 |
|         545 |     1 |
|         202 |     1 |
|         462 |     1 |
|         390 |     1 |
|         365 |     1 |
|         345 |     1 |
|         423 |     1 |
|         513 |     1 |
|          55 |     1 |
|          22 |     1 |
|         250 |     1 |
|          54 |     1 |
|         450 |     1 |
|         500 |     1 |
|         465 |     1 |
|         588 |     1 |
|         342 |     1 |
|         113 |     1 |
|         528 |     1 |
|         542 |     1 |
|         127 |     1 |
|          41 |     1 |
|         426 |     1 |
|         316 |     1 |
|         247 |     1 |
|         328 |     1 |
|         439 |     1 |
|         253 |     1 |
|         378 |     1 |
|         326 |     1 |
|         409 |     1 |
|         183 |     1 |
|         563 |     1 |
|          59 |     1 |
|         133 |     1 |
|         124 |     1 |
|         196 |     1 |
|         495 |     1 |
|         308 |     1 |
|         360 |     1 |
|         182 |     1 |
|         257 |     1 |
|         119 |     1 |
|         128 |     1 |
|         584 |     1 |
|         106 |     1 |
|         305 |     1 |
|          91 |     1 |
|         539 |     1 |
|         280 |     1 |
|         440 |     1 |
|         194 |     1 |
|         260 |     1 |
|         232 |     1 |
|         362 |     1 |
|         242 |     1 |
|           4 |     1 |
|         443 |     1 |
|         144 |     1 |
|         139 |     1 |
|         548 |     1 |
|         287 |     1 |
|         198 |     1 |
|         234 |     1 |
|         465 |     1 |
|         460 |     1 |
|         229 |     1 |
|         330 |     1 |
|         551 |     1 |
|          99 |     1 |
|          86 |     1 |
|         217 |     1 |
|          54 |     1 |
|         138 |     1 |
|         254 |     1 |
|         483 |     1 |
|         356 |     1 |
|          40 |     1 |
|         596 |     1 |
|         210 |     1 |
|         552 |     1 |
|         121 |     1 |
|         153 |     1 |
|         555 |     1 |
|         348 |     1 |
|         185 |     1 |
|         174 |     1 |
|         150 |     1 |
|         146 |     1 |
|         515 |     1 |
|         150 |     1 |
|         388 |     1 |
|         121 |     1 |
|         498 |     1 |
|         541 |     1 |
|         396 |     1 |
|         220 |     1 |
|         178 |     1 |
|         586 |     1 |
|         105 |     1 |
|         408 |     1 |
|         180 |     1 |
|          91 |     1 |
|         302 |     1 |
|         257 |     1 |
|         480 |     1 |
|         401 |     1 |
|         422 |     1 |
|         340 |     1 |
|         210 |     1 |
|         128 |     1 |
|         367 |     1 |
|         364 |     1 |
|         356 |     1 |
|         501 |     1 |
|         516 |     1 |
|         157 |     1 |
|         152 |     1 |
|          13 |     1 |
|         263 |     1 |
|         511 |     1 |
|         234 |     1 |
|          25 |     1 |
|         531 |     1 |
|         519 |     1 |
|          57 |     1 |
|         336 |     1 |
|         223 |     1 |
|         353 |     1 |
|         310 |     1 |
|         414 |     1 |
|         407 |     1 |
|         416 |     1 |
|         589 |     1 |
|         591 |     1 |
|         279 |     1 |
|         387 |     1 |
|         348 |     1 |
|          28 |     1 |
|         181 |     1 |
|         340 |     1 |
|         195 |     1 |
|         103 |     1 |
|         547 |     1 |
|         148 |     1 |
|         312 |     1 |
|         444 |     1 |
|         499 |     1 |
|         442 |     1 |
|         279 |     1 |
|         463 |     1 |
|          70 |     1 |
|         228 |     1 |
|         429 |     1 |
|          63 |     1 |
|         410 |     1 |
|         241 |     1 |
|         512 |     1 |
|         569 |     1 |
|         284 |     1 |
|         152 |     1 |
|         386 |     1 |
|         171 |     1 |
|           2 |     1 |
|         142 |     1 |
|         430 |     1 |
|          69 |     1 |
|         170 |     1 |
|         166 |     1 |
|         224 |     1 |
|         216 |     1 |
|         492 |     1 |
|          55 |     1 |
|         163 |     1 |
|         218 |     1 |
|         236 |     1 |
|         592 |     1 |
|         388 |     1 |
|         167 |     1 |
|         267 |     1 |
|         144 |     1 |
|         481 |     1 |
|          44 |     1 |
|         148 |     1 |
|         537 |     1 |
|          83 |     1 |
|         210 |     1 |
|         134 |     1 |
|         236 |     1 |
|         306 |     1 |
|         360 |     1 |
|         126 |     1 |
|         597 |     1 |
|         484 |     1 |
|         506 |     1 |
|         566 |     1 |
|         380 |     1 |
|         311 |     1 |
|         354 |     1 |
|          24 |     1 |
|         141 |     1 |
|         254 |     1 |
|         477 |     1 |
|         451 |     1 |
|         442 |     1 |
|         104 |     1 |
|         134 |     1 |
|         430 |     1 |
|         181 |     1 |
|         376 |     1 |
|         413 |     1 |
|         529 |     1 |
|         145 |     1 |
|         293 |     1 |
|         344 |     1 |
|         126 |     1 |
|         175 |     1 |
|         104 |     1 |
|         168 |     1 |
|         597 |     1 |
|          92 |     1 |
|         309 |     1 |
|         336 |     1 |
|          69 |     1 |
|         401 |     1 |
|         269 |     1 |
|          79 |     1 |
|         128 |     1 |
|         371 |     1 |
|         293 |     1 |
|         240 |     1 |
|         567 |     1 |
|          82 |     1 |
|         344 |     1 |
|         387 |     1 |
|         135 |     1 |
|          20 |     1 |
|         275 |     1 |
|         532 |     1 |
|         370 |     1 |
|         425 |     1 |
|         462 |     1 |
|         414 |     1 |
|         127 |     1 |
|         142 |     1 |
|         254 |     1 |
|          37 |     1 |
|         394 |     1 |
|         486 |     1 |
|          53 |     1 |
|         131 |     1 |
|          90 |     1 |
|         502 |     1 |
|         140 |     1 |
|         325 |     1 |
|         485 |     1 |
|         115 |     1 |
|         105 |     1 |
|          24 |     1 |
|         341 |     1 |
|          22 |     1 |
|         576 |     1 |
|         385 |     1 |
|           5 |     1 |
|         588 |     1 |
|         518 |     1 |
|         336 |     1 |
|         172 |     1 |
|           1 |     1 |
|         299 |     1 |
|         235 |     1 |
|         578 |     1 |
|         447 |     1 |
|         506 |     1 |
|         341 |     1 |
|         224 |     1 |
|         201 |     1 |
|         241 |     1 |
|         479 |     1 |
|         107 |     1 |
|         452 |     1 |
|         170 |     1 |
|         387 |     1 |
|         455 |     1 |
|         204 |     1 |
|         215 |     1 |
|         350 |     1 |
|         171 |     1 |
|         457 |     1 |
|          63 |     1 |
|          52 |     1 |
|         127 |     1 |
|         480 |     1 |
|         160 |     1 |
|         494 |     1 |
|         508 |     1 |
|          13 |     1 |
|         157 |     1 |
|          51 |     1 |
|         436 |     1 |
|         451 |     1 |
|          39 |     1 |
|         285 |     1 |
|         274 |     1 |
|         591 |     1 |
|         279 |     1 |
|         440 |     1 |
|         356 |     1 |
|          73 |     1 |
|         259 |     1 |
|         447 |     1 |
|          26 |     1 |
|         259 |     1 |
|         573 |     1 |
|         550 |     1 |
|          84 |     1 |
|         150 |     1 |
|         385 |     1 |
|         181 |     1 |
|         240 |     1 |
|         314 |     1 |
|         251 |     1 |
|         277 |     1 |
|         220 |     1 |
|          78 |     1 |
|         192 |     1 |
|         253 |     1 |
|         178 |     1 |
|         206 |     1 |
|         274 |     1 |
|         254 |     1 |
|         480 |     1 |
|         529 |     1 |
|         523 |     1 |
|         184 |     1 |
|         361 |     1 |
|          50 |     1 |
|          20 |     1 |
|         214 |     1 |
|         554 |     1 |
|         323 |     1 |
|         376 |     1 |
|         269 |     1 |
|         371 |     1 |
|         456 |     1 |
|          72 |     1 |
|         116 |     1 |
|          37 |     1 |
|         137 |     1 |
|          40 |     1 |
|         457 |     1 |
|          16 |     1 |
|         597 |     1 |
|         431 |     1 |
|         255 |     1 |
|         442 |     1 |
|         512 |     1 |
|         592 |     1 |
|         327 |     1 |
|         497 |     1 |
|         484 |     1 |
|         175 |     1 |
|         478 |     1 |
|          57 |     1 |
|         145 |     1 |
|         289 |     1 |
|         504 |     1 |
|         120 |     1 |
|         186 |     1 |
|         141 |     1 |
|         176 |     1 |
|         122 |     1 |
|         298 |     1 |
|          29 |     1 |
|         482 |     1 |
|         239 |     1 |
|           1 |     1 |
|         126 |     1 |
|         394 |     1 |
|         104 |     1 |
|         322 |     1 |
|         128 |     1 |
|         496 |     1 |
|         301 |     1 |
|         393 |     1 |
|         174 |     1 |
|         176 |     1 |
|         543 |     1 |
|         472 |     1 |
|         368 |     1 |
|         290 |     1 |
|         371 |     1 |
|         532 |     1 |
|         118 |     1 |
|          58 |     1 |
|         565 |     1 |
|         202 |     1 |
|         358 |     1 |
|         169 |     1 |
|         339 |     1 |
|         577 |     1 |
|         508 |     1 |
|         381 |     1 |
|         257 |     1 |
|         152 |     1 |
|         495 |     1 |
|         504 |     1 |
|          58 |     1 |
|         435 |     1 |
|           5 |     1 |
|         487 |     1 |
|         289 |     1 |
|         158 |     1 |
|          13 |     1 |
|         157 |     1 |
|         460 |     1 |
|         422 |     1 |
|         565 |     1 |
|         257 |     1 |
|         288 |     1 |
|         448 |     1 |
|         468 |     1 |
|          91 |     1 |
|         461 |     1 |
|         526 |     1 |
|         562 |     1 |
|          46 |     1 |
|         288 |     1 |
|         571 |     1 |
|         283 |     1 |
|         151 |     1 |
|         280 |     1 |
|         206 |     1 |
|         279 |     1 |
|         559 |     1 |
|         367 |     1 |
|         267 |     1 |
|         169 |     1 |
|         348 |     1 |
|         541 |     1 |
|         179 |     1 |
|          33 |     1 |
|         414 |     1 |
|         251 |     1 |
|         298 |     1 |
|         261 |     1 |
|         411 |     1 |
|          24 |     1 |
|         559 |     1 |
|         377 |     1 |
|         448 |     1 |
|         111 |     1 |
|         451 |     1 |
|         399 |     1 |
|         532 |     1 |
|         150 |     1 |
|         289 |     1 |
|         300 |     1 |
|         349 |     1 |
|         458 |     1 |
|         251 |     1 |
|         417 |     1 |
|         184 |     1 |
|         206 |     1 |
|         109 |     1 |
|         314 |     1 |
|         571 |     1 |
|         335 |     1 |
|         255 |     1 |
|         461 |     1 |
|         159 |     1 |
|         242 |     1 |
|         145 |     1 |
|         433 |     1 |
|         272 |     1 |
|         377 |     1 |
|         516 |     1 |
|         316 |     1 |
|         282 |     1 |
|         343 |     1 |
|         368 |     1 |
|         220 |     1 |
|          59 |     1 |
|         180 |     1 |
|         338 |     1 |
|         182 |     1 |
|         245 |     1 |
|         569 |     1 |
|         162 |     1 |
|         497 |     1 |
|          23 |     1 |
|         243 |     1 |
|         171 |     1 |
|         399 |     1 |
|         534 |     1 |
|         229 |     1 |
|         300 |     1 |
|         359 |     1 |
|         361 |     1 |
|         373 |     1 |
|         531 |     1 |
|         494 |     1 |
|          51 |     1 |
|         184 |     1 |
|         405 |     1 |
|         337 |     1 |
|         229 |     1 |
|         547 |     1 |
|         414 |     1 |
|          91 |     1 |
|         311 |     1 |
|         520 |     1 |
|         418 |     1 |
|         580 |     1 |
|         347 |     1 |
|          54 |     1 |
|          10 |     1 |
|          20 |     1 |
|         413 |     1 |
|         438 |     1 |
|         172 |     1 |
|         280 |     1 |
|         559 |     1 |
|         133 |     1 |
|         564 |     1 |
|         334 |     1 |
|         576 |     1 |
|          72 |     1 |
|         462 |     1 |
|         373 |     1 |
|         297 |     1 |
|          23 |     1 |
|         503 |     1 |
|          64 |     1 |
|         379 |     1 |
|          74 |     1 |
|         289 |     1 |
|         374 |     1 |
|          86 |     1 |
|          15 |     1 |
|          45 |     1 |
|         460 |     1 |
|         172 |     1 |
|         591 |     1 |
|         514 |     1 |
|          55 |     1 |
|         131 |     1 |
|         562 |     1 |
|         456 |     1 |
|         234 |     1 |
|         214 |     1 |
|          42 |     1 |
|          80 |     1 |
|         131 |     1 |
|         213 |     1 |
|         396 |     1 |
|         324 |     1 |
|         393 |     1 |
|         439 |     1 |
|         434 |     1 |
|         327 |     1 |
|         107 |     1 |
|         565 |     1 |
|         288 |     1 |
|         236 |     1 |
|         307 |     1 |
|         259 |     1 |
|         290 |     1 |
|         342 |     1 |
|         116 |     1 |
|         101 |     1 |
|          34 |     1 |
|         150 |     1 |
|           7 |     1 |
|         227 |     1 |
|         120 |     1 |
|          40 |     1 |
|         572 |     1 |
|         368 |     1 |
|         227 |     1 |
|         451 |     1 |
|          21 |     1 |
|         436 |     1 |
|         434 |     1 |
|         440 |     1 |
|         252 |     1 |
|         324 |     1 |
|         504 |     1 |
|         317 |     1 |
|         257 |     1 |
|         135 |     1 |
|          16 |     1 |
|         409 |     1 |
|          15 |     1 |
|          45 |     1 |
|          80 |     1 |
|         517 |     1 |
|         379 |     1 |
|         405 |     1 |
|          21 |     1 |
|         179 |     1 |
|         139 |     1 |
|         372 |     1 |
|           3 |     1 |
|         414 |     1 |
|         181 |     1 |
|         113 |     1 |
|         131 |     1 |
|         575 |     1 |
|         214 |     1 |
|         104 |     1 |
|          21 |     1 |
|         404 |     1 |
|         390 |     1 |
|         438 |     1 |
|         181 |     1 |
|         204 |     1 |
|         468 |     1 |
|         246 |     1 |
|         537 |     1 |
|         102 |     1 |
|         366 |     1 |
|         404 |     1 |
|         311 |     1 |
|         216 |     1 |
|         340 |     1 |
|         213 |     1 |
|         239 |     1 |
|          44 |     1 |
|          23 |     1 |
|         381 |     1 |
|         229 |     1 |
|          78 |     1 |
|         171 |     1 |
|         221 |     1 |
|          30 |     1 |
|          29 |     1 |
|          67 |     1 |
|         520 |     1 |
|         551 |     1 |
|         260 |     1 |
|         125 |     1 |
|         356 |     1 |
|         236 |     1 |
|          37 |     1 |
|         495 |     1 |
|         488 |     1 |
|         542 |     1 |
|         327 |     1 |
|         400 |     1 |
|          61 |     1 |
|           6 |     1 |
|         430 |     1 |
|         164 |     1 |
|         430 |     1 |
|         133 |     1 |
|          13 |     1 |
|         256 |     1 |
|         228 |     1 |
|         114 |     1 |
|         410 |     1 |
|         421 |     1 |
|         489 |     1 |
|          21 |     1 |
|         576 |     1 |
|         575 |     1 |
|         262 |     1 |
|         373 |     1 |
|         266 |     1 |
|         235 |     1 |
|         141 |     1 |
|         296 |     1 |
|         137 |     1 |
|         390 |     1 |
|         116 |     1 |
|          68 |     1 |
|           7 |     1 |
|         222 |     1 |
|         466 |     1 |
|          87 |     1 |
|          16 |     1 |
|         157 |     1 |
|         183 |     1 |
|         441 |     1 |
|         152 |     1 |
|         379 |     1 |
|         274 |     1 |
|         458 |     1 |
|         444 |     1 |
|         443 |     1 |
|          18 |     1 |
|         258 |     1 |
|         462 |     1 |
|          37 |     1 |
|         414 |     1 |
|          92 |     1 |
|         454 |     1 |
|         481 |     1 |
|         578 |     1 |
|         300 |     1 |
|         577 |     1 |
|         390 |     1 |
|         309 |     1 |
|          15 |     1 |
|         293 |     1 |
|         536 |     1 |
|         261 |     1 |
|         478 |     1 |
|         408 |     1 |
|         128 |     1 |
|         107 |     1 |
|          23 |     1 |
|          62 |     1 |
|         454 |     1 |
|          96 |     1 |
|         194 |     1 |
|          95 |     1 |
|         186 |     1 |
|         528 |     1 |
|          12 |     1 |
|          74 |     1 |
|         384 |     1 |
|         343 |     1 |
|         572 |     1 |
|         593 |     1 |
|         111 |     1 |
|         277 |     1 |
|         521 |     1 |
|         202 |     1 |
|         193 |     1 |
|         156 |     1 |
|         156 |     1 |
|         168 |     1 |
|         436 |     1 |
|          75 |     1 |
|          86 |     1 |
|         183 |     1 |
|         418 |     1 |
|         279 |     1 |
|         518 |     1 |
|         557 |     1 |
|          15 |     1 |
|         147 |     1 |
|         163 |     1 |
|         538 |     1 |
|         417 |     1 |
|         390 |     1 |
|         456 |     1 |
|         319 |     1 |
|         274 |     1 |
|         206 |     1 |
|         503 |     1 |
|         578 |     1 |
|         314 |     1 |
|         569 |     1 |
|          93 |     1 |
|         266 |     1 |
|          23 |     1 |
|         564 |     1 |
|         444 |     1 |
|          56 |     1 |
|         530 |     1 |
|          36 |     1 |
|         366 |     1 |
|          36 |     1 |
|         214 |     1 |
|         558 |     1 |
|         242 |     1 |
|         151 |     1 |
|         496 |     1 |
|         188 |     1 |
|         458 |     1 |
|          11 |     1 |
|          59 |     1 |
|         552 |     1 |
|         339 |     1 |
|         223 |     1 |
|         448 |     1 |
|         352 |     1 |
|         333 |     1 |
|         526 |     1 |
|         119 |     1 |
|         166 |     1 |
|          74 |     1 |
|         548 |     1 |
|         470 |     1 |
|         445 |     1 |
|         431 |     1 |
|         279 |     1 |
|         574 |     1 |
|         264 |     1 |
|         390 |     1 |
|         470 |     1 |
|         585 |     1 |
|           7 |     1 |
|         545 |     1 |
|         513 |     1 |
|          72 |     1 |
|         259 |     1 |
|         150 |     1 |
|         528 |     1 |
|         189 |     1 |
|         348 |     1 |
|         362 |     1 |
|         353 |     1 |
|         522 |     1 |
|         146 |     1 |
|         491 |     1 |
|         193 |     1 |
|         328 |     1 |
|           3 |     1 |
|         112 |     1 |
|         505 |     1 |
|         201 |     1 |
|         381 |     1 |
|         539 |     1 |
|         194 |     1 |
|         526 |     1 |
|         390 |     1 |
|         365 |     1 |
|          92 |     1 |
|         581 |     1 |
|         335 |     1 |
|         321 |     1 |
|          63 |     1 |
|         422 |     1 |
|         524 |     1 |
|         329 |     1 |
|         500 |     1 |
|         392 |     1 |
|         244 |     1 |
|         535 |     1 |
|         409 |     1 |
|         301 |     1 |
|         411 |     1 |
|         286 |     1 |
|         349 |     1 |
|         342 |     1 |
|         493 |     1 |
|         562 |     1 |
|         541 |     1 |
|         281 |     1 |
|         452 |     1 |
|         398 |     1 |
|         464 |     1 |
|         387 |     1 |
|         242 |     1 |
|         519 |     1 |
|         596 |     1 |
|         259 |     1 |
|         322 |     1 |
|         256 |     1 |
|          67 |     1 |
|         129 |     1 |
|         469 |     1 |
|         207 |     1 |
|         411 |     1 |
|         414 |     1 |
|         487 |     1 |
|         520 |     1 |
|          72 |     1 |
|         471 |     1 |
|         592 |     1 |
|         240 |     1 |
|         264 |     1 |
|         291 |     1 |
|         451 |     1 |
|         280 |     1 |
|         123 |     1 |
|         261 |     1 |
|         147 |     1 |
|         201 |     1 |
|         201 |     1 |
|         332 |     1 |
|          36 |     1 |
|         493 |     1 |
|         103 |     1 |
|          15 |     1 |
|         337 |     1 |
|         229 |     1 |
|          70 |     1 |
|         328 |     1 |
|          30 |     1 |
|         255 |     1 |
|         348 |     1 |
|         260 |     1 |
|         306 |     1 |
|         290 |     1 |
|         572 |     1 |
|         336 |     1 |
|         513 |     1 |
|         548 |     1 |
|          65 |     1 |
|         552 |     1 |
|         454 |     1 |
|         258 |     1 |
|         206 |     1 |
|          76 |     1 |
|         364 |     1 |
|          21 |     1 |
|         265 |     1 |
|         564 |     1 |
|         296 |     1 |
|         356 |     1 |
|           4 |     1 |
|         451 |     1 |
|         363 |     1 |
|         232 |     1 |
|         218 |     1 |
|         422 |     1 |
|         333 |     1 |
|         453 |     1 |
|         581 |     1 |
|         267 |     1 |
|         277 |     1 |
|         292 |     1 |
|         386 |     1 |
|         300 |     1 |
|          19 |     1 |
|         208 |     1 |
|         427 |     1 |
|         297 |     1 |
|         422 |     1 |
|         110 |     1 |
|          80 |     1 |
|         306 |     1 |
|         214 |     1 |
|          85 |     1 |
|         157 |     1 |
|         415 |     1 |
|         548 |     1 |
|         450 |     1 |
|          17 |     1 |
|          85 |     1 |
|         374 |     1 |
|          35 |     1 |
|          32 |     1 |
|         200 |     1 |
|         273 |     1 |
|         441 |     1 |
|          21 |     1 |
|         195 |     1 |
|         580 |     1 |
|          57 |     1 |
|         408 |     1 |
|         142 |     1 |
|         520 |     1 |
|          74 |     1 |
|         410 |     1 |
|         282 |     1 |
|         246 |     1 |
|         105 |     1 |
|          77 |     1 |
|         495 |     1 |
|         108 |     1 |
|         342 |     1 |
|         252 |     1 |
|          14 |     1 |
|         255 |     1 |
|         269 |     1 |
|         436 |     1 |
|         376 |     1 |
|         566 |     1 |
|         469 |     1 |
|         386 |     1 |
|         219 |     1 |
|         189 |     1 |
|         506 |     1 |
|         198 |     1 |
|          56 |     1 |
|         538 |     1 |
|         512 |     1 |
|         387 |     1 |
|          64 |     1 |
|         244 |     1 |
|         116 |     1 |
|         137 |     1 |
|          29 |     1 |
|         539 |     1 |
|         440 |     1 |
|          14 |     1 |
|         368 |     1 |
|         305 |     1 |
|          28 |     1 |
|         431 |     1 |
|         453 |     1 |
|          94 |     1 |
|         188 |     1 |
|         393 |     1 |
|          53 |     1 |
|          11 |     1 |
|          67 |     1 |
|          78 |     1 |
|         424 |     1 |
|         557 |     1 |
|         331 |     1 |
|         209 |     1 |
|         529 |     1 |
|          15 |     1 |
|         196 |     1 |
|         407 |     1 |
|         433 |     1 |
|         156 |     1 |
|         486 |     1 |
|          19 |     1 |
|         454 |     1 |
|         341 |     1 |
|           4 |     1 |
|         262 |     1 |
|         207 |     1 |
|         450 |     1 |
|         168 |     1 |
|         122 |     1 |
|         455 |     1 |
|         436 |     1 |
|         582 |     1 |
|          27 |     1 |
|         293 |     1 |
|         495 |     1 |
|         296 |     1 |
|          81 |     1 |
|         355 |     1 |
|         499 |     1 |
|          89 |     1 |
|         413 |     1 |
|         167 |     1 |
|         436 |     1 |
|         342 |     1 |
|         450 |     1 |
|         146 |     1 |
|          61 |     1 |
|         480 |     1 |
|          29 |     1 |
|         175 |     1 |
|         426 |     1 |
|         143 |     1 |
|         375 |     1 |
|          67 |     1 |
|         437 |     1 |
|         437 |     1 |
|          40 |     1 |
|         203 |     1 |
|         180 |     1 |
|         308 |     1 |
|         179 |     1 |
|         559 |     1 |
|         257 |     1 |
|          82 |     1 |
|         447 |     1 |
|         261 |     1 |
|         546 |     1 |
|          80 |     1 |
|         535 |     1 |
|         186 |     1 |
|         158 |     1 |
|          96 |     1 |
|         407 |     1 |
|         366 |     1 |
|          33 |     1 |
|         504 |     1 |
|         275 |     1 |
|         154 |     1 |
|         170 |     1 |
|         563 |     1 |
|         214 |     1 |
|         275 |     1 |
|         343 |     1 |
|         591 |     1 |
|          51 |     1 |
|         386 |     1 |
|         167 |     1 |
|         372 |     1 |
|         421 |     1 |
|         306 |     1 |
|          86 |     1 |
|          83 |     1 |
|         334 |     1 |
|           5 |     1 |
|         481 |     1 |
|         112 |     1 |
|         268 |     1 |
|         144 |     1 |
|          51 |     1 |
|         568 |     1 |
|         466 |     1 |
|         537 |     1 |
|          73 |     1 |
|         413 |     1 |
|         297 |     1 |
|         501 |     1 |
|          54 |     1 |
|         289 |     1 |
|         337 |     1 |
|         390 |     1 |
|         360 |     1 |
|          12 |     1 |
|         278 |     1 |
|         258 |     1 |
|         369 |     1 |
|         204 |     1 |
|          66 |     1 |
|         166 |     1 |
|         275 |     1 |
|         272 |     1 |
|          93 |     1 |
|         437 |     1 |
|          87 |     1 |
|         328 |     1 |
|         532 |     1 |
|         309 |     1 |
|         133 |     1 |
|         304 |     1 |
|         207 |     1 |
|         197 |     1 |
|         237 |     1 |
|         129 |     1 |
|         302 |     1 |
|          10 |     1 |
|         248 |     1 |
|         129 |     1 |
|         460 |     1 |
|          59 |     1 |
|         237 |     1 |
|         588 |     1 |
|         444 |     1 |
|         565 |     1 |
|         158 |     1 |
|         417 |     1 |
|         244 |     1 |
|          57 |     1 |
|          58 |     1 |
|          32 |     1 |
|         441 |     1 |
|         159 |     1 |
|         457 |     1 |
|         205 |     1 |
|         364 |     1 |
|         172 |     1 |
|         463 |     1 |
|         585 |     1 |
|         187 |     1 |
|         476 |     1 |
|         211 |     1 |
|         464 |     1 |
|         408 |     1 |
|         270 |     1 |
|         529 |     1 |
|         218 |     1 |
|         410 |     1 |
|          34 |     1 |
|          93 |     1 |
|          40 |     1 |
|         199 |     1 |
|         371 |     1 |
|         207 |     1 |
|         273 |     1 |
|         484 |     1 |
|         179 |     1 |
|          33 |     1 |
|         142 |     1 |
|         459 |     1 |
|         129 |     1 |
|         348 |     1 |
|         368 |     1 |
|         128 |     1 |
|         324 |     1 |
|         260 |     1 |
|         459 |     1 |
|          15 |     1 |
|         237 |     1 |
|         418 |     1 |
|          64 |     1 |
|         553 |     1 |
|          58 |     1 |
|         479 |     1 |
|         286 |     1 |
|         278 |     1 |
|         115 |     1 |
|         260 |     1 |
|         211 |     1 |
|         391 |     1 |
|         249 |     1 |
|         448 |     1 |
|         231 |     1 |
|         473 |     1 |
|         339 |     1 |
|         152 |     1 |
|         246 |     1 |
|         466 |     1 |
|         252 |     1 |
|         481 |     1 |
|         296 |     1 |
|         136 |     1 |
|          93 |     1 |
|         180 |     1 |
|         381 |     1 |
|         306 |     1 |
|         175 |     1 |
|         530 |     1 |
|         239 |     1 |
|         276 |     1 |
|         120 |     1 |
|          33 |     1 |
|         256 |     1 |
|         358 |     1 |
|         135 |     1 |
|         186 |     1 |
|         284 |     1 |
|         560 |     1 |
|         382 |     1 |
|         537 |     1 |
|         379 |     1 |
|         274 |     1 |
|         496 |     1 |
|         335 |     1 |
|         554 |     1 |
|         220 |     1 |
|         230 |     1 |
|         533 |     1 |
|         202 |     1 |
|          72 |     1 |
|         147 |     1 |
|         170 |     1 |
|         304 |     1 |
|          87 |     1 |
|          37 |     1 |
|         231 |     1 |
|         432 |     1 |
|         158 |     1 |
|         219 |     1 |
|         127 |     1 |
|         361 |     1 |
|         317 |     1 |
|         243 |     1 |
|         200 |     1 |
|         260 |     1 |
|         256 |     1 |
|         372 |     1 |
|         589 |     1 |
|         383 |     1 |
|          17 |     1 |
|         247 |     1 |
|         322 |     1 |
|         586 |     1 |
|         145 |     1 |
|         509 |     1 |
|         524 |     1 |
|         579 |     1 |
|         105 |     1 |
|         112 |     1 |
|         596 |     1 |
|         362 |     1 |
|         514 |     1 |
|           5 |     1 |
|          50 |     1 |
|         148 |     1 |
|          22 |     1 |
|         333 |     1 |
|         430 |     1 |
|         141 |     1 |
|         175 |     1 |
|          53 |     1 |
|         239 |     1 |
|         275 |     1 |
|         103 |     1 |
|         190 |     1 |
|         274 |     1 |
|         259 |     1 |
|         412 |     1 |
|         197 |     1 |
|         581 |     1 |
|         550 |     1 |
|         515 |     1 |
|         230 |     1 |
|         506 |     1 |
|          32 |     1 |
|         574 |     1 |
|          21 |     1 |
|         396 |     1 |
|         348 |     1 |
|         266 |     1 |
|         392 |     1 |
|         179 |     1 |
|         176 |     1 |
|          37 |     1 |
|         471 |     1 |
|         253 |     1 |
|         289 |     1 |
|         518 |     1 |
|         425 |     1 |
|         168 |     1 |
|          53 |     1 |
|         273 |     1 |
|         177 |     1 |
|         471 |     1 |
|         489 |     1 |
|         342 |     1 |
|          88 |     1 |
|         554 |     1 |
|         224 |     1 |
|         397 |     1 |
|          19 |     1 |
|         584 |     1 |
|         409 |     1 |
|         178 |     1 |
|          71 |     1 |
|         315 |     1 |
|         251 |     1 |
|         243 |     1 |
|         180 |     1 |
|          35 |     1 |
|         130 |     1 |
|         141 |     1 |
|         288 |     1 |
|           8 |     1 |
|         257 |     1 |
|         142 |     1 |
|         493 |     1 |
|         337 |     1 |
|          53 |     1 |
|         302 |     1 |
|         417 |     1 |
|          86 |     1 |
|          66 |     1 |
|          35 |     1 |
|         265 |     1 |
|         215 |     1 |
|         550 |     1 |
|          81 |     1 |
|         362 |     1 |
|         352 |     1 |
|         267 |     1 |
|          91 |     1 |
|         453 |     1 |
|         497 |     1 |
|          59 |     1 |
|         135 |     1 |
|          53 |     1 |
|         121 |     1 |
|         561 |     1 |
|          65 |     1 |
|         190 |     1 |
|         544 |     1 |
|         146 |     1 |
|          46 |     1 |
|         314 |     1 |
|         192 |     1 |
|         366 |     1 |
|         528 |     1 |
|         518 |     1 |
|         161 |     1 |
|         426 |     1 |
|         379 |     1 |
|         120 |     1 |
|         468 |     1 |
|         148 |     1 |
|         147 |     1 |
|         128 |     1 |
|         114 |     1 |
|         144 |     1 |
|         493 |     1 |
|          21 |     1 |
|         315 |     1 |
|         204 |     1 |
|         274 |     1 |
|         150 |     1 |
|         190 |     1 |
|          64 |     1 |
|          49 |     1 |
|         396 |     1 |
|         259 |     1 |
|         320 |     1 |
|         450 |     1 |
|         152 |     1 |
|          29 |     1 |
|         452 |     1 |
|         556 |     1 |
|         121 |     1 |
|         524 |     1 |
|          79 |     1 |
|         262 |     1 |
|         210 |     1 |
|         519 |     1 |
|          26 |     1 |
|         148 |     1 |
|         579 |     1 |
|         461 |     1 |
|         275 |     1 |
|         548 |     1 |
|         127 |     1 |
|         517 |     1 |
|         423 |     1 |
|          26 |     1 |
|          25 |     1 |
|         138 |     1 |
|          93 |     1 |
|         281 |     1 |
|         469 |     1 |
|         381 |     1 |
|         442 |     1 |
|         349 |     1 |
|         427 |     1 |
|         473 |     1 |
|          95 |     1 |
|         287 |     1 |
|         406 |     1 |
|         279 |     1 |
|         569 |     1 |
|         299 |     1 |
|         472 |     1 |
|         468 |     1 |
|         372 |     1 |
|         354 |     1 |
|         511 |     1 |
|         198 |     1 |
|          54 |     1 |
|         186 |     1 |
|          66 |     1 |
|         104 |     1 |
|         334 |     1 |
|         162 |     1 |
|          51 |     1 |
|           7 |     1 |
|         392 |     1 |
|         323 |     1 |
|           4 |     1 |
|         316 |     1 |
|         277 |     1 |
|          71 |     1 |
|         186 |     1 |
|         584 |     1 |
|         307 |     1 |
|         176 |     1 |
|         599 |     1 |
|         271 |     1 |
|         558 |     1 |
|          25 |     1 |
|         410 |     1 |
|         192 |     1 |
|         416 |     1 |
|          12 |     1 |
|         291 |     1 |
|          68 |     1 |
|         264 |     1 |
|          43 |     1 |
|         354 |     1 |
|         120 |     1 |
|         302 |     1 |
|         293 |     1 |
|         268 |     1 |
|         313 |     1 |
|         486 |     1 |
|          13 |     1 |
|         456 |     1 |
|         589 |     1 |
|         492 |     1 |
|         331 |     1 |
|         178 |     1 |
|         359 |     1 |
|         583 |     1 |
|          40 |     1 |
|         166 |     1 |
|         324 |     1 |
|         533 |     1 |
|         295 |     1 |
|         134 |     1 |
|         269 |     1 |
|         527 |     1 |
|         278 |     1 |
|         241 |     1 |
|         171 |     1 |
|         224 |     1 |
|         243 |     1 |
|         388 |     1 |
|         405 |     1 |
|         163 |     1 |
|         318 |     1 |
|         566 |     1 |
|         557 |     1 |
|         387 |     1 |
|         481 |     1 |
|         166 |     1 |
|         450 |     1 |
|         253 |     1 |
|         486 |     1 |
|         249 |     1 |
|         558 |     1 |
|         427 |     1 |
|         512 |     1 |
|         103 |     1 |
|         366 |     1 |
|          56 |     1 |
|         251 |     1 |
|         364 |     1 |
|         455 |     1 |
|         336 |     1 |
|         275 |     1 |
|         566 |     1 |
|         410 |     1 |
|         342 |     1 |
|         382 |     1 |
|         162 |     1 |
|         511 |     1 |
|         475 |     1 |
|         417 |     1 |
|          58 |     1 |
|         453 |     1 |
|         328 |     1 |
|         419 |     1 |
|         468 |     1 |
|         177 |     1 |
|          69 |     1 |
|         238 |     1 |
|         468 |     1 |
|         178 |     1 |
|         459 |     1 |
|          64 |     1 |
|         471 |     1 |
|         508 |     1 |
|         410 |     1 |
|         199 |     1 |
|         236 |     1 |
|         221 |     1 |
|          97 |     1 |
|         155 |     1 |
|         313 |     1 |
|          17 |     1 |
|         457 |     1 |
|         489 |     1 |
|           6 |     1 |
|          84 |     1 |
|         372 |     1 |
|         496 |     1 |
|          93 |     1 |
|         595 |     1 |
|         263 |     1 |
|         362 |     1 |
|         506 |     1 |
|         205 |     1 |
|          30 |     1 |
|         230 |     1 |
|         560 |     1 |
|         559 |     1 |
|         238 |     1 |
|         341 |     1 |
|         598 |     1 |
|          17 |     1 |
|         214 |     1 |
|         496 |     1 |
|         119 |     1 |
|         222 |     1 |
|          66 |     1 |
|         527 |     1 |
|         129 |     1 |
|         382 |     1 |
|         271 |     1 |
|          65 |     1 |
|         233 |     1 |
|         112 |     1 |
|         401 |     1 |
|         246 |     1 |
|         191 |     1 |
|         312 |     1 |
|         560 |     1 |
|         236 |     1 |
|         457 |     1 |
|         524 |     1 |
|         244 |     1 |
|         351 |     1 |
|         392 |     1 |
|         161 |     1 |
|         221 |     1 |
|         520 |     1 |
|         268 |     1 |
|         213 |     1 |
|         550 |     1 |
|         582 |     1 |
|           6 |     1 |
|         515 |     1 |
|         136 |     1 |
|         198 |     1 |
|         391 |     1 |
|         119 |     1 |
|         482 |     1 |
|         371 |     1 |
|         317 |     1 |
|         514 |     1 |
|         295 |     1 |
|         274 |     1 |
|         145 |     1 |
|         366 |     1 |
|         205 |     1 |
|         586 |     1 |
|         368 |     1 |
|         118 |     1 |
|         506 |     1 |
|         353 |     1 |
|          47 |     1 |
|         505 |     1 |
|         188 |     1 |
|         569 |     1 |
|         407 |     1 |
|         467 |     1 |
|         297 |     1 |
|         192 |     1 |
|         470 |     1 |
|         181 |     1 |
|         500 |     1 |
|         593 |     1 |
|         314 |     1 |
|         196 |     1 |
|         502 |     1 |
|         121 |     1 |
|         367 |     1 |
|         515 |     1 |
|         561 |     1 |
|         384 |     1 |
|         596 |     1 |
|         442 |     1 |
|         221 |     1 |
|         551 |     1 |
|         406 |     1 |
|         361 |     1 |
|         521 |     1 |
|         489 |     1 |
|         560 |     1 |
|         315 |     1 |
|         163 |     1 |
|         458 |     1 |
|          66 |     1 |
|           5 |     1 |
|         106 |     1 |
|         138 |     1 |
|         401 |     1 |
|         549 |     1 |
|         169 |     1 |
|         560 |     1 |
|         136 |     1 |
|         392 |     1 |
|         564 |     1 |
|         194 |     1 |
|         260 |     1 |
|         205 |     1 |
|         447 |     1 |
|         225 |     1 |
|         256 |     1 |
|          21 |     1 |
|         584 |     1 |
|         263 |     1 |
|         529 |     1 |
|          48 |     1 |
|         467 |     1 |
|         325 |     1 |
|         237 |     1 |
|         150 |     1 |
|          68 |     1 |
|         125 |     1 |
|         340 |     1 |
|         256 |     1 |
|          98 |     1 |
|         120 |     1 |
|          42 |     1 |
|          96 |     1 |
|         365 |     1 |
|         121 |     1 |
|         262 |     1 |
|         442 |     1 |
|         522 |     1 |
|         224 |     1 |
|         554 |     1 |
|         379 |     1 |
|         395 |     1 |
|         184 |     1 |
|         298 |     1 |
|         294 |     1 |
|           2 |     1 |
|         101 |     1 |
|         126 |     1 |
|         231 |     1 |
|         324 |     1 |
|         411 |     1 |
|         367 |     1 |
|          23 |     1 |
|         275 |     1 |
|         418 |     1 |
|         241 |     1 |
|         138 |     1 |
|         526 |     1 |
|          75 |     1 |
|           9 |     1 |
|         205 |     1 |
|         226 |     1 |
|         266 |     1 |
|         389 |     1 |
|           5 |     1 |
|         429 |     1 |
|         223 |     1 |
|         254 |     1 |
|         544 |     1 |
|         292 |     1 |
|         451 |     1 |
|         576 |     1 |
|         378 |     1 |
|         188 |     1 |
|         312 |     1 |
|         203 |     1 |
|         537 |     1 |
|         175 |     1 |
|         396 |     1 |
|         520 |     1 |
|         547 |     1 |
|          16 |     1 |
|          51 |     1 |
|         185 |     1 |
|         295 |     1 |
|         242 |     1 |
|         457 |     1 |
|         311 |     1 |
|          82 |     1 |
|         403 |     1 |
|         150 |     1 |
|         200 |     1 |
|         535 |     1 |
|         433 |     1 |
|         374 |     1 |
|         420 |     1 |
|         534 |     1 |
|         232 |     1 |
|          46 |     1 |
|         380 |     1 |
|          77 |     1 |
|         568 |     1 |
|          37 |     1 |
|         586 |     1 |
|          56 |     1 |
|         412 |     1 |
|          48 |     1 |
|         405 |     1 |
|         471 |     1 |
|          41 |     1 |
|          28 |     1 |
|         576 |     1 |
|         101 |     1 |
|         579 |     1 |
|         589 |     1 |
|          13 |     1 |
|         466 |     1 |
|         265 |     1 |
|         299 |     1 |
|         155 |     1 |
|         473 |     1 |
|         521 |     1 |
|         477 |     1 |
|         434 |     1 |
|          38 |     1 |
|         440 |     1 |
|         265 |     1 |
|         490 |     1 |
|         273 |     1 |
|         433 |     1 |
|         579 |     1 |
|         443 |     1 |
|         107 |     1 |
|         212 |     1 |
|          22 |     1 |
|         250 |     1 |
|          87 |     1 |
|         214 |     1 |
|         582 |     1 |
|          15 |     1 |
|          32 |     1 |
|         296 |     1 |
|         538 |     1 |
|         240 |     1 |
|          62 |     1 |
|         159 |     1 |
|          45 |     1 |
|         126 |     1 |
|         389 |     1 |
|         260 |     1 |
|         448 |     1 |
|         243 |     1 |
|         438 |     1 |
|         455 |     1 |
|         481 |     1 |
|          30 |     1 |
|         182 |     1 |
|         250 |     1 |
|         219 |     1 |
|         179 |     1 |
|         526 |     1 |
|         538 |     1 |
|         563 |     1 |
|         564 |     1 |
|          62 |     1 |
|         118 |     1 |
|         472 |     1 |
|         472 |     1 |
|         359 |     1 |
|         599 |     1 |
|         255 |     1 |
|         406 |     1 |
|         370 |     1 |
|          26 |     1 |
|         585 |     1 |
|         394 |     1 |
|         592 |     1 |
|         417 |     1 |
|          90 |     1 |
|         551 |     1 |
|         260 |     1 |
|         443 |     1 |
|         445 |     1 |
|          20 |     1 |
|         468 |     1 |
|         171 |     1 |
|         532 |     1 |
|          51 |     1 |
|         270 |     1 |
|         338 |     1 |
|          78 |     1 |
|         344 |     1 |
|         559 |     1 |
|          33 |     1 |
|         344 |     1 |
|         507 |     1 |
|         554 |     1 |
|          49 |     1 |
|         331 |     1 |
|         148 |     1 |
|         294 |     1 |
|         209 |     1 |
|          38 |     1 |
|         551 |     1 |
|         494 |     1 |
|         108 |     1 |
|         339 |     1 |
|          76 |     1 |
|         216 |     1 |
|         210 |     1 |
|         253 |     1 |
|         147 |     1 |
|          81 |     1 |
|         119 |     1 |
|         453 |     1 |
|         334 |     1 |
|         186 |     1 |
|          36 |     1 |
|         284 |     1 |
|          43 |     1 |
|         190 |     1 |
|         544 |     1 |
|         453 |     1 |
|         593 |     1 |
|         173 |     1 |
|         253 |     1 |
|         201 |     1 |
|         244 |     1 |
|         473 |     1 |
|         119 |     1 |
|         452 |     1 |
|         469 |     1 |
|         403 |     1 |
|         150 |     1 |
|         153 |     1 |
|          58 |     1 |
|         122 |     1 |
|          55 |     1 |
|         152 |     1 |
|         317 |     1 |
|         537 |     1 |
|          53 |     1 |
|         325 |     1 |
|         445 |     1 |
|         300 |     1 |
|         170 |     1 |
|          49 |     1 |
|          26 |     1 |
|         383 |     1 |
|         193 |     1 |
|         524 |     1 |
|         212 |     1 |
|         314 |     1 |
|         342 |     1 |
|         369 |     1 |
|          69 |     1 |
|          34 |     1 |
|         550 |     1 |
|         219 |     1 |
|         463 |     1 |
|         456 |     1 |
|         404 |     1 |
|         192 |     1 |
|         269 |     1 |
|         363 |     1 |
|         206 |     1 |
|         435 |     1 |
|         409 |     1 |
|         196 |     1 |
|           3 |     1 |
|         360 |     1 |
|          34 |     1 |
|         345 |     1 |
|          29 |     1 |
|         248 |     1 |
|         243 |     1 |
|         589 |     1 |
|         530 |     1 |
|         226 |     1 |
|         300 |     1 |
|         587 |     1 |
|         448 |     1 |
|         226 |     1 |
|         148 |     1 |
|         279 |     1 |
|         287 |     1 |
|          78 |     1 |
|         366 |     1 |
|         340 |     1 |
|         599 |     1 |
|         395 |     1 |
|         349 |     1 |
|         236 |     1 |
|         548 |     1 |
|         552 |     1 |
|         403 |     1 |
|         216 |     1 |
|         275 |     1 |
|         474 |     1 |
|         289 |     1 |
|         439 |     1 |
|         154 |     1 |
|         482 |     1 |
|         408 |     1 |
|         448 |     1 |
|          35 |     1 |
|         139 |     1 |
|         124 |     1 |
|         521 |     1 |
|         226 |     1 |
|         333 |     1 |
|          60 |     1 |
|         421 |     1 |
|           2 |     1 |
|         213 |     1 |
|         277 |     1 |
|         284 |     1 |
|         153 |     1 |
|          81 |     1 |
|         235 |     1 |
|         303 |     1 |
|         195 |     1 |
|         362 |     1 |
|         155 |     1 |
|         137 |     1 |
|         328 |     1 |
|         288 |     1 |
|         473 |     1 |
|         339 |     1 |
|         362 |     1 |
|         355 |     1 |
|         490 |     1 |
|           1 |     1 |
|         116 |     1 |
|         529 |     1 |
|         435 |     1 |
|         523 |     1 |
|          69 |     1 |
|         570 |     1 |
|         361 |     1 |
|         372 |     1 |
|         149 |     1 |
|         411 |     1 |
|         413 |     1 |
|         252 |     1 |
|         400 |     1 |
|          15 |     1 |
|         389 |     1 |
|         396 |     1 |
|         279 |     1 |
|         491 |     1 |
|          71 |     1 |
|         211 |     1 |
|         332 |     1 |
|         117 |     1 |
|         560 |     1 |
|         370 |     1 |
|          38 |     1 |
|         139 |     1 |
|         279 |     1 |
|         397 |     1 |
|         317 |     1 |
|         396 |     1 |
|         154 |     1 |
|         156 |     1 |
|         303 |     1 |
|         441 |     1 |
|         546 |     1 |
|          92 |     1 |
|         454 |     1 |
|         533 |     1 |
|         184 |     1 |
|         505 |     1 |
|         278 |     1 |
|          94 |     1 |
|         169 |     1 |
|         231 |     1 |
|          90 |     1 |
|         362 |     1 |
|         188 |     1 |
|          78 |     1 |
|          53 |     1 |
|         211 |     1 |
|         142 |     1 |
|         250 |     1 |
|         314 |     1 |
|         534 |     1 |
|         215 |     1 |
|         580 |     1 |
|         410 |     1 |
|          52 |     1 |
|          62 |     1 |
|          52 |     1 |
|         503 |     1 |
|         594 |     1 |
|           1 |     1 |
|         426 |     1 |
|          88 |     1 |
|         319 |     1 |
|         546 |     1 |
|         590 |     1 |
|         156 |     1 |
|         494 |     1 |
|         551 |     1 |
|         262 |     1 |
|         404 |     1 |
|         418 |     1 |
|          43 |     1 |
|         404 |     1 |
|         567 |     1 |
|         354 |     1 |
|         384 |     1 |
|         467 |     1 |
|         454 |     1 |
|         513 |     1 |
|         292 |     1 |
|         309 |     1 |
|         327 |     1 |
|         218 |     1 |
|         177 |     1 |
|         435 |     1 |
|         180 |     1 |
|         352 |     1 |
|         388 |     1 |
|         117 |     1 |
|         187 |     1 |
|         151 |     1 |
|         232 |     1 |
|         499 |     1 |
|         463 |     1 |
|         418 |     1 |
|         422 |     1 |
|          78 |     1 |
|         440 |     1 |
|         460 |     1 |
|          94 |     1 |
|         445 |     1 |
|         114 |     1 |
|         160 |     1 |
|          21 |     1 |
|         512 |     1 |
|         204 |     1 |
|          15 |     1 |
|         314 |     1 |
|         268 |     1 |
|         513 |     1 |
|         210 |     1 |
|         266 |     1 |
|         441 |     1 |
|         148 |     1 |
|         224 |     1 |
|         425 |     1 |
|         417 |     1 |
|         177 |     1 |
|         547 |     1 |
|         248 |     1 |
|         379 |     1 |
|         421 |     1 |
|          91 |     1 |
|         299 |     1 |
|         346 |     1 |
|         482 |     1 |
|          82 |     1 |
|         461 |     1 |
|         347 |     1 |
|         340 |     1 |
|         569 |     1 |
|         175 |     1 |
|         299 |     1 |
|         304 |     1 |
|         329 |     1 |
|         258 |     1 |
|         423 |     1 |
|          51 |     1 |
|          71 |     1 |
|         286 |     1 |
|         366 |     1 |
|         116 |     1 |
|         349 |     1 |
|         155 |     1 |
|         540 |     1 |
|         273 |     1 |
|         404 |     1 |
|         503 |     1 |
|         156 |     1 |
|         349 |     1 |
|          80 |     1 |
|         289 |     1 |
|         154 |     1 |
|         244 |     1 |
|         106 |     1 |
|         284 |     1 |
|         151 |     1 |
|         460 |     1 |
|         118 |     1 |
|         128 |     1 |
|         357 |     1 |
|         193 |     1 |
|         472 |     1 |
|         546 |     1 |
|         584 |     1 |
|          63 |     1 |
|         516 |     1 |
|          21 |     1 |
|         226 |     1 |
|         380 |     1 |
|         241 |     1 |
|         348 |     1 |
|         541 |     1 |
|         328 |     1 |
|          46 |     1 |
|         574 |     1 |
|         471 |     1 |
|         265 |     1 |
|         153 |     1 |
|         304 |     1 |
|         308 |     1 |
|          68 |     1 |
|         488 |     1 |
|         111 |     1 |
|         362 |     1 |
|         197 |     1 |
|         575 |     1 |
|         182 |     1 |
|         525 |     1 |
|         445 |     1 |
|         571 |     1 |
|         323 |     1 |
|         347 |     1 |
|         569 |     1 |
|         147 |     1 |
|          52 |     1 |
|         449 |     1 |
|         384 |     1 |
|         500 |     1 |
|         148 |     1 |
|         259 |     1 |
|          67 |     1 |
|         129 |     1 |
|         120 |     1 |
|         529 |     1 |
|         378 |     1 |
|         310 |     1 |
|         201 |     1 |
|         157 |     1 |
|         244 |     1 |
|         581 |     1 |
|          59 |     1 |
|          94 |     1 |
|         387 |     1 |
|         518 |     1 |
|         544 |     1 |
|         542 |     1 |
|         363 |     1 |
|         334 |     1 |
|          29 |     1 |
|         278 |     1 |
|         138 |     1 |
|         186 |     1 |
|          58 |     1 |
|         198 |     1 |
|         172 |     1 |
|         415 |     1 |
|         437 |     1 |
|         509 |     1 |
|         482 |     1 |
|         411 |     1 |
|          29 |     1 |
|          92 |     1 |
|         594 |     1 |
|         161 |     1 |
|         186 |     1 |
|         242 |     1 |
|         167 |     1 |
|         375 |     1 |
|         335 |     1 |
|          97 |     1 |
|         165 |     1 |
|         277 |     1 |
|         325 |     1 |
|         508 |     1 |
|         329 |     1 |
|         454 |     1 |
|         141 |     1 |
|         373 |     1 |
|          14 |     1 |
|         434 |     1 |
|         144 |     1 |
|         504 |     1 |
|         450 |     1 |
|         267 |     1 |
|         100 |     1 |
|         506 |     1 |
|         296 |     1 |
|         139 |     1 |
|         257 |     1 |
|          66 |     1 |
|         478 |     1 |
|          37 |     1 |
|         139 |     1 |
|         341 |     1 |
|         430 |     1 |
|         467 |     1 |
|         168 |     1 |
|         235 |     1 |
|         513 |     1 |
|         280 |     1 |
|         234 |     1 |
|           3 |     1 |
|         180 |     1 |
|         523 |     1 |
|         372 |     1 |
|         553 |     1 |
|         182 |     1 |
|         439 |     1 |
|         161 |     1 |
|         474 |     1 |
|          19 |     1 |
|          27 |     1 |
|         102 |     1 |
|         167 |     1 |
|         300 |     1 |
|         147 |     1 |
|         374 |     1 |
|          44 |     1 |
|         125 |     1 |
|         503 |     1 |
|          20 |     1 |
|         288 |     1 |
|         564 |     1 |
|          63 |     1 |
|          90 |     1 |
|         139 |     1 |
|          30 |     1 |
|         425 |     1 |
|         510 |     1 |
|         530 |     1 |
|         461 |     1 |
|         373 |     1 |
|         568 |     1 |
|         441 |     1 |
|         541 |     1 |
|         405 |     1 |
|         336 |     1 |
|         567 |     1 |
|         535 |     1 |
|         287 |     1 |
|         503 |     1 |
|         197 |     1 |
|         540 |     1 |
|         133 |     1 |
|         313 |     1 |
|         137 |     1 |
|         397 |     1 |
|         287 |     1 |
|          67 |     1 |
|         494 |     1 |
|         404 |     1 |
|         377 |     1 |
|          61 |     1 |
|         582 |     1 |
|         477 |     1 |
|         464 |     1 |
|          60 |     1 |
|         424 |     1 |
|         202 |     1 |
|          33 |     1 |
|         475 |     1 |
|          88 |     1 |
|          86 |     1 |
|         312 |     1 |
|         335 |     1 |
|         555 |     1 |
|         101 |     1 |
|         359 |     1 |
|         338 |     1 |
|         155 |     1 |
|         376 |     1 |
|         447 |     1 |
|         588 |     1 |
|          72 |     1 |
|         119 |     1 |
|         160 |     1 |
|         424 |     1 |
|         121 |     1 |
|          33 |     1 |
|         217 |     1 |
|         292 |     1 |
|         473 |     1 |
|         288 |     1 |
|          11 |     1 |
|         415 |     1 |
|          91 |     1 |
|         445 |     1 |
|          39 |     1 |
|         221 |     1 |
|         459 |     1 |
|         287 |     1 |
|         457 |     1 |
|         234 |     1 |
|         536 |     1 |
|         119 |     1 |
|         393 |     1 |
|         137 |     1 |
|          22 |     1 |
|         284 |     1 |
|         435 |     1 |
|         241 |     1 |
|          50 |     1 |
|         237 |     1 |
|         414 |     1 |
|         541 |     1 |
|         351 |     1 |
|         274 |     1 |
|         527 |     1 |
|           2 |     1 |
|          72 |     1 |
|           4 |     1 |
|         359 |     1 |
|         537 |     1 |
|         161 |     1 |
|         463 |     1 |
|         123 |     1 |
|         512 |     1 |
|         106 |     1 |
|          43 |     1 |
|         494 |     1 |
|         580 |     1 |
|         588 |     1 |
|         525 |     1 |
|         249 |     1 |
|          20 |     1 |
|         439 |     1 |
|         100 |     1 |
|         193 |     1 |
|         168 |     1 |
|         504 |     1 |
|         190 |     1 |
|         526 |     1 |
|          76 |     1 |
|         521 |     1 |
|         119 |     1 |
|         511 |     1 |
|         338 |     1 |
|         111 |     1 |
|         380 |     1 |
|         115 |     1 |
|         493 |     1 |
|          15 |     1 |
|         328 |     1 |
|         532 |     1 |
|         266 |     1 |
|         443 |     1 |
|         268 |     1 |
|         471 |     1 |
|         472 |     1 |
|         104 |     1 |
|         461 |     1 |
|         478 |     1 |
|         398 |     1 |
|          84 |     1 |
|          75 |     1 |
|         216 |     1 |
|          40 |     1 |
|         332 |     1 |
|         508 |     1 |
|         181 |     1 |
|         159 |     1 |
|         396 |     1 |
|         216 |     1 |
|         374 |     1 |
|         301 |     1 |
|         374 |     1 |
|         568 |     1 |
|         317 |     1 |
|         489 |     1 |
|         524 |     1 |
|         442 |     1 |
|         267 |     1 |
|         588 |     1 |
|         332 |     1 |
|         410 |     1 |
|         562 |     1 |
|         166 |     1 |
|         574 |     1 |
|         344 |     1 |
|         166 |     1 |
|          90 |     1 |
|         139 |     1 |
|         544 |     1 |
|         128 |     1 |
|         253 |     1 |
|         390 |     1 |
|         541 |     1 |
|          81 |     1 |
|         224 |     1 |
|          54 |     1 |
|         151 |     1 |
|          48 |     1 |
|          63 |     1 |
|         466 |     1 |
|         187 |     1 |
|           5 |     1 |
|         197 |     1 |
|         228 |     1 |
|         416 |     1 |
|         557 |     1 |
|         148 |     1 |
|          70 |     1 |
|         501 |     1 |
|          11 |     1 |
|         337 |     1 |
|         364 |     1 |
|         308 |     1 |
|         271 |     1 |
|         298 |     1 |
|         100 |     1 |
|         250 |     1 |
|          20 |     1 |
|         444 |     1 |
|         143 |     1 |
|         285 |     1 |
|         453 |     1 |
|         333 |     1 |
|         209 |     1 |
|          84 |     1 |
|         198 |     1 |
|         223 |     1 |
|         293 |     1 |
|         488 |     1 |
|         274 |     1 |
|         140 |     1 |
|         298 |     1 |
|         324 |     1 |
|         440 |     1 |
|         512 |     1 |
|         124 |     1 |
|         153 |     1 |
|         301 |     1 |
|         275 |     1 |
|         262 |     1 |
|          59 |     1 |
|         422 |     1 |
|         422 |     1 |
|         515 |     1 |
|         597 |     1 |
|         490 |     1 |
|         217 |     1 |
|         472 |     1 |
|         363 |     1 |
|         317 |     1 |
|         543 |     1 |
|         163 |     1 |
|         219 |     1 |
|         393 |     1 |
|         233 |     1 |
|          74 |     1 |
|         535 |     1 |
|         475 |     1 |
|         513 |     1 |
|         404 |     1 |
|         494 |     1 |
|         337 |     1 |
|         263 |     1 |
|         108 |     1 |
|         186 |     1 |
|          55 |     1 |
|         327 |     1 |
|           1 |     1 |
|         381 |     1 |
|         399 |     1 |
|         454 |     1 |
|         320 |     1 |
|         390 |     1 |
|         112 |     1 |
|         529 |     1 |
|         340 |     1 |
|         598 |     1 |
|         329 |     1 |
|         141 |     1 |
|         360 |     1 |
|         176 |     1 |
|         280 |     1 |
|         333 |     1 |
|         412 |     1 |
|           1 |     1 |
|         422 |     1 |
|         512 |     1 |
|          60 |     1 |
|         188 |     1 |
|         407 |     1 |
|         384 |     1 |
|         263 |     1 |
|         178 |     1 |
|          93 |     1 |
|          74 |     1 |
|          58 |     1 |
|         450 |     1 |
|         274 |     1 |
|         521 |     1 |
|         427 |     1 |
|         147 |     1 |
|         162 |     1 |
|         142 |     1 |
|         407 |     1 |
|         363 |     1 |
|         461 |     1 |
|         237 |     1 |
|          13 |     1 |
|         331 |     1 |
|         313 |     1 |
|          91 |     1 |
|         459 |     1 |
|         538 |     1 |
|         193 |     1 |
|         277 |     1 |
|         266 |     1 |
|         519 |     1 |
|         587 |     1 |
|         587 |     1 |
|         488 |     1 |
|         154 |     1 |
|         560 |     1 |
|         368 |     1 |
|         412 |     1 |
|         493 |     1 |
|         539 |     1 |
|          24 |     1 |
|         448 |     1 |
|          77 |     1 |
|         531 |     1 |
|         380 |     1 |
|         497 |     1 |
|         480 |     1 |
|         204 |     1 |
|         327 |     1 |
|         374 |     1 |
|         355 |     1 |
|         370 |     1 |
|         121 |     1 |
|          10 |     1 |
|          94 |     1 |
|         273 |     1 |
|          14 |     1 |
|           8 |     1 |
|         191 |     1 |
|         390 |     1 |
|         551 |     1 |
|         340 |     1 |
|         148 |     1 |
|         423 |     1 |
|         110 |     1 |
|         376 |     1 |
|         405 |     1 |
|          26 |     1 |
|         434 |     1 |
|         327 |     1 |
|         323 |     1 |
|          50 |     1 |
|         231 |     1 |
|         551 |     1 |
|         482 |     1 |
|         410 |     1 |
|         443 |     1 |
|         507 |     1 |
|         526 |     1 |
|         319 |     1 |
|         261 |     1 |
|         109 |     1 |
|         379 |     1 |
|         473 |     1 |
|         103 |     1 |
|         293 |     1 |
|         581 |     1 |
|         211 |     1 |
|         596 |     1 |
|         227 |     1 |
|          42 |     1 |
|         156 |     1 |
|         188 |     1 |
|         403 |     1 |
|         461 |     1 |
|         199 |     1 |
|         476 |     1 |
|         532 |     1 |
|         204 |     1 |
|         383 |     1 |
|         305 |     1 |
|         205 |     1 |
|         450 |     1 |
|         161 |     1 |
|         541 |     1 |
|         309 |     1 |
|         596 |     1 |
|         138 |     1 |
|         259 |     1 |
|         347 |     1 |
|         448 |     1 |
|         402 |     1 |
|         241 |     1 |
|         282 |     1 |
|         550 |     1 |
|         117 |     1 |
|         198 |     1 |
|         518 |     1 |
|         468 |     1 |
|         505 |     1 |
|         368 |     1 |
|          46 |     1 |
|         136 |     1 |
|         559 |     1 |
|         422 |     1 |
|          42 |     1 |
|         598 |     1 |
|         153 |     1 |
|          28 |     1 |
|         379 |     1 |
|         331 |     1 |
|         490 |     1 |
|         461 |     1 |
|         322 |     1 |
|         514 |     1 |
|         115 |     1 |
|         359 |     1 |
|         142 |     1 |
|         238 |     1 |
|         262 |     1 |
|         306 |     1 |
|         590 |     1 |
|         346 |     1 |
|          20 |     1 |
|         103 |     1 |
|         389 |     1 |
|         127 |     1 |
|          62 |     1 |
|         520 |     1 |
|         418 |     1 |
|         103 |     1 |
|         399 |     1 |
|         597 |     1 |
|         416 |     1 |
|         139 |     1 |
|         226 |     1 |
|         259 |     1 |
|         188 |     1 |
|         562 |     1 |
|         433 |     1 |
|         142 |     1 |
|         167 |     1 |
|         149 |     1 |
|         577 |     1 |
|         414 |     1 |
|         181 |     1 |
|         173 |     1 |
|         342 |     1 |
|         114 |     1 |
|         502 |     1 |
|         469 |     1 |
|         385 |     1 |
|         285 |     1 |
|         493 |     1 |
|          28 |     1 |
|         520 |     1 |
|         308 |     1 |
|         455 |     1 |
|         193 |     1 |
|         275 |     1 |
|         107 |     1 |
|          83 |     1 |
|         488 |     1 |
|          74 |     1 |
|         138 |     1 |
|         433 |     1 |
|         582 |     1 |
|         315 |     1 |
|         375 |     1 |
|         553 |     1 |
|         563 |     1 |
|         293 |     1 |
|           6 |     1 |
|         209 |     1 |
|         303 |     1 |
|          25 |     1 |
|         147 |     1 |
|         366 |     1 |
|         307 |     1 |
|          82 |     1 |
|         187 |     1 |
|         410 |     1 |
|         443 |     1 |
|         163 |     1 |
|         331 |     1 |
|         468 |     1 |
|         432 |     1 |
|          68 |     1 |
|         123 |     1 |
|         516 |     1 |
|         393 |     1 |
|         114 |     1 |
|          19 |     1 |
|         167 |     1 |
|         355 |     1 |
|          23 |     1 |
|         400 |     1 |
|         169 |     1 |
|         346 |     1 |
|          98 |     1 |
|         137 |     1 |
|         211 |     1 |
|         582 |     1 |
|         197 |     1 |
|         148 |     1 |
|         111 |     1 |
|         282 |     1 |
|          30 |     1 |
|         513 |     1 |
|         223 |     1 |
|          69 |     1 |
|         334 |     1 |
|         170 |     1 |
|         465 |     1 |
|         345 |     1 |
|         527 |     1 |
|         232 |     1 |
|         280 |     1 |
|         347 |     1 |
|         108 |     1 |
|         444 |     1 |
|         474 |     1 |
|         517 |     1 |
|         107 |     1 |
|         469 |     1 |
|         149 |     1 |
|         372 |     1 |
|         353 |     1 |
|         546 |     1 |
|          76 |     1 |
|          54 |     1 |
|         556 |     1 |
|         313 |     1 |
|         557 |     1 |
|          57 |     1 |
|         506 |     1 |
|         561 |     1 |
|         130 |     1 |
|         218 |     1 |
|         595 |     1 |
|          29 |     1 |
|         302 |     1 |
|         480 |     1 |
|         279 |     1 |
|         462 |     1 |
|         297 |     1 |
|         215 |     1 |
|         500 |     1 |
|         545 |     1 |
|         148 |     1 |
|         499 |     1 |
|         503 |     1 |
|          22 |     1 |
|         599 |     1 |
|          62 |     1 |
|         153 |     1 |
|         567 |     1 |
|         264 |     1 |
|         186 |     1 |
|         420 |     1 |
|          66 |     1 |
|         103 |     1 |
|         113 |     1 |
|         579 |     1 |
|          81 |     1 |
|           6 |     1 |
|         458 |     1 |
|         544 |     1 |
|         279 |     1 |
|         484 |     1 |
|         454 |     1 |
|         256 |     1 |
|         215 |     1 |
|         184 |     1 |
|         305 |     1 |
|         461 |     1 |
|         287 |     1 |
|         584 |     1 |
|          70 |     1 |
|         569 |     1 |
|          60 |     1 |
|           3 |     1 |
|         270 |     1 |
|         123 |     1 |
|         302 |     1 |
|         525 |     1 |
|         105 |     1 |
|         207 |     1 |
|         370 |     1 |
|         453 |     1 |
|         408 |     1 |
|         286 |     1 |
|         580 |     1 |
|          93 |     1 |
|          60 |     1 |
|         497 |     1 |
|         576 |     1 |
|           4 |     1 |
|         380 |     1 |
|         172 |     1 |
|         563 |     1 |
|         214 |     1 |
|         262 |     1 |
|         240 |     1 |
|         160 |     1 |
|         298 |     1 |
|          43 |     1 |
|         214 |     1 |
|         114 |     1 |
|         251 |     1 |
|          80 |     1 |
|          60 |     1 |
|         353 |     1 |
|         451 |     1 |
|         578 |     1 |
|         439 |     1 |
|         471 |     1 |
|         359 |     1 |
|         334 |     1 |
|          36 |     1 |
|          22 |     1 |
|         131 |     1 |
|         388 |     1 |
|         346 |     1 |
|         223 |     1 |
|         291 |     1 |
|         351 |     1 |
|         487 |     1 |
|         586 |     1 |
|          73 |     1 |
|          38 |     1 |
|         334 |     1 |
|         211 |     1 |
|         112 |     1 |
|         210 |     1 |
|         321 |     1 |
|          90 |     1 |
|         293 |     1 |
|         353 |     1 |
|         109 |     1 |
|         413 |     1 |
|         103 |     1 |
|         169 |     1 |
|          61 |     1 |
|          31 |     1 |
|         168 |     1 |
|         586 |     1 |
|         491 |     1 |
|         206 |     1 |
|         112 |     1 |
|         105 |     1 |
|         259 |     1 |
|         554 |     1 |
|         200 |     1 |
|         503 |     1 |
|          94 |     1 |
|         506 |     1 |
|         300 |     1 |
|          93 |     1 |
|         380 |     1 |
|         395 |     1 |
|         501 |     1 |
|         552 |     1 |
|         516 |     1 |
|          56 |     1 |
|         322 |     1 |
|          71 |     1 |
|         356 |     1 |
|         220 |     1 |
|          91 |     1 |
|          46 |     1 |
|         206 |     1 |
|         421 |     1 |
|         297 |     1 |
|         351 |     1 |
|         432 |     1 |
|          56 |     1 |
|          86 |     1 |
|         408 |     1 |
|         208 |     1 |
|         276 |     1 |
|         599 |     1 |
|         456 |     1 |
|         154 |     1 |
|          26 |     1 |
|         504 |     1 |
|         478 |     1 |
|         599 |     1 |
|         503 |     1 |
|         416 |     1 |
|         323 |     1 |
|         193 |     1 |
|         147 |     1 |
|         118 |     1 |
|         412 |     1 |
|         512 |     1 |
|         302 |     1 |
|         295 |     1 |
|         127 |     1 |
|          83 |     1 |
|          38 |     1 |
|          74 |     1 |
|         229 |     1 |
|         126 |     1 |
|         200 |     1 |
|         139 |     1 |
|          59 |     1 |
|          43 |     1 |
|         246 |     1 |
|         381 |     1 |
|         380 |     1 |
|         575 |     1 |
|         496 |     1 |
|         199 |     1 |
|          17 |     1 |
|         144 |     1 |
|         356 |     1 |
|         423 |     1 |
|         112 |     1 |
|         356 |     1 |
|          46 |     1 |
|         361 |     1 |
|         273 |     1 |
|         416 |     1 |
|         351 |     1 |
|         158 |     1 |
|           8 |     1 |
|         408 |     1 |
|         436 |     1 |
|         241 |     1 |
|         267 |     1 |
|         276 |     1 |
|         113 |     1 |
|         262 |     1 |
|         202 |     1 |
|         189 |     1 |
|         254 |     1 |
|         173 |     1 |
|         514 |     1 |
|         130 |     1 |
|         234 |     1 |
|         419 |     1 |
|         120 |     1 |
|         412 |     1 |
|         245 |     1 |
|         247 |     1 |
|         425 |     1 |
|         543 |     1 |
|         371 |     1 |
|         123 |     1 |
|         269 |     1 |
|         350 |     1 |
|         233 |     1 |
|         445 |     1 |
|         581 |     1 |
|          22 |     1 |
|         579 |     1 |
|         417 |     1 |
|         158 |     1 |
|         503 |     1 |
|         203 |     1 |
|         215 |     1 |
|          43 |     1 |
|         165 |     1 |
|         158 |     1 |
|         105 |     1 |
|         585 |     1 |
|           8 |     1 |
|         166 |     1 |
|         350 |     1 |
|         446 |     1 |
|         431 |     1 |
|         171 |     1 |
|         300 |     1 |
|          45 |     1 |
|           9 |     1 |
|         459 |     1 |
|         444 |     1 |
|          31 |     1 |
|         348 |     1 |
|         439 |     1 |
|         274 |     1 |
|         308 |     1 |
|         233 |     1 |
|         492 |     1 |
|          81 |     1 |
|         371 |     1 |
|         346 |     1 |
|         311 |     1 |
|         346 |     1 |
|         327 |     1 |
|          30 |     1 |
|         467 |     1 |
|         401 |     1 |
|         537 |     1 |
|         349 |     1 |
|         165 |     1 |
|         128 |     1 |
|         468 |     1 |
|         283 |     1 |
|         579 |     1 |
|         294 |     1 |
|         316 |     1 |
|         571 |     1 |
|         146 |     1 |
|         215 |     1 |
|         119 |     1 |
|          89 |     1 |
|          47 |     1 |
|         163 |     1 |
|         336 |     1 |
|         482 |     1 |
|         563 |     1 |
|         469 |     1 |
|         140 |     1 |
|         500 |     1 |
|         464 |     1 |
|         192 |     1 |
|         395 |     1 |
|         575 |     1 |
|          81 |     1 |
|         465 |     1 |
|          41 |     1 |
|         256 |     1 |
|         215 |     1 |
|         328 |     1 |
|         256 |     1 |
|         482 |     1 |
|         296 |     1 |
|         505 |     1 |
|         306 |     1 |
|         357 |     1 |
|         251 |     1 |
|          57 |     1 |
|         212 |     1 |
|         577 |     1 |
|         132 |     1 |
|          41 |     1 |
|          87 |     1 |
|         559 |     1 |
|         493 |     1 |
|         482 |     1 |
|         528 |     1 |
|         383 |     1 |
|         312 |     1 |
|         550 |     1 |
|          81 |     1 |
|         565 |     1 |
|          91 |     1 |
|         201 |     1 |
|         321 |     1 |
|         137 |     1 |
|          87 |     1 |
|          52 |     1 |
|         174 |     1 |
|         438 |     1 |
|         168 |     1 |
|         342 |     1 |
|         585 |     1 |
|          15 |     1 |
|          88 |     1 |
|         596 |     1 |
|         562 |     1 |
|         226 |     1 |
|         172 |     1 |
|         267 |     1 |
|          37 |     1 |
|          59 |     1 |
|         445 |     1 |
|           2 |     1 |
|         135 |     1 |
|         452 |     1 |
|         456 |     1 |
|         582 |     1 |
|         229 |     1 |
|          93 |     1 |
|         557 |     1 |
|         167 |     1 |
|         327 |     1 |
|         589 |     1 |
|         262 |     1 |
|         497 |     1 |
|         212 |     1 |
|         522 |     1 |
|         263 |     1 |
|         276 |     1 |
|         541 |     1 |
|         440 |     1 |
|         151 |     1 |
|         401 |     1 |
|          75 |     1 |
|         477 |     1 |
|         379 |     1 |
|         237 |     1 |
|         405 |     1 |
|         176 |     1 |
|         216 |     1 |
|         361 |     1 |
|         411 |     1 |
|         194 |     1 |
|         341 |     1 |
|         382 |     1 |
|          86 |     1 |
|         424 |     1 |
|         210 |     1 |
|         462 |     1 |
|         348 |     1 |
|          43 |     1 |
|         561 |     1 |
|         580 |     1 |
|         520 |     1 |
|         386 |     1 |
|         280 |     1 |
|         446 |     1 |
|         224 |     1 |
|         540 |     1 |
|         460 |     1 |
|         349 |     1 |
|         354 |     1 |
|         418 |     1 |
|         492 |     1 |
|         415 |     1 |
|         431 |     1 |
|         200 |     1 |
|         160 |     1 |
|         134 |     1 |
|         141 |     1 |
|         509 |     1 |
|         374 |     1 |
|         257 |     1 |
|         257 |     1 |
|         327 |     1 |
|         395 |     1 |
|         187 |     1 |
|          25 |     1 |
|         343 |     1 |
|         201 |     1 |
|         174 |     1 |
|         227 |     1 |
|         550 |     1 |
|         536 |     1 |
|         536 |     1 |
|         196 |     1 |
|         489 |     1 |
|         370 |     1 |
|         464 |     1 |
|         495 |     1 |
|         179 |     1 |
|         226 |     1 |
|         302 |     1 |
|         400 |     1 |
|          96 |     1 |
|         512 |     1 |
|         203 |     1 |
|         589 |     1 |
|          12 |     1 |
|         595 |     1 |
|         377 |     1 |
|         151 |     1 |
|         447 |     1 |
|         545 |     1 |
|         377 |     1 |
|          71 |     1 |
|         108 |     1 |
|          73 |     1 |
|         577 |     1 |
|         147 |     1 |
|         466 |     1 |
|         533 |     1 |
|         126 |     1 |
|         189 |     1 |
|         133 |     1 |
|         173 |     1 |
|         389 |     1 |
|          80 |     1 |
|         462 |     1 |
|         532 |     1 |
|          50 |     1 |
|         595 |     1 |
|         535 |     1 |
|         439 |     1 |
|         278 |     1 |
|         311 |     1 |
|         314 |     1 |
|         504 |     1 |
|         124 |     1 |
|         473 |     1 |
|         569 |     1 |
|         484 |     1 |
|         160 |     1 |
|         119 |     1 |
|         143 |     1 |
|         137 |     1 |
|         102 |     1 |
|         447 |     1 |
|         226 |     1 |
|         502 |     1 |
|          37 |     1 |
|         425 |     1 |
|          45 |     1 |
|         172 |     1 |
|          78 |     1 |
|         195 |     1 |
|         121 |     1 |
|         131 |     1 |
|         526 |     1 |
|         468 |     1 |
|          14 |     1 |
|          74 |     1 |
|         114 |     1 |
|         103 |     1 |
|         393 |     1 |
+-------------+-------+
16044 rows in set (0.0016 sec)
 MySQL  localhost:3306 ssl  sakila  SQL > select customer_id, count(customer_id) as total from rental group by customer_id;
+-------------+-------+
| customer_id | total |
+-------------+-------+
|           1 |    32 |
|           2 |    27 |
|           3 |    26 |
|           4 |    22 |
|           5 |    38 |
|           6 |    28 |
|           7 |    33 |
|           8 |    24 |
|           9 |    23 |
|          10 |    25 |
|          11 |    24 |
|          12 |    28 |
|          13 |    27 |
|          14 |    28 |
|          15 |    32 |
|          16 |    28 |
|          17 |    21 |
|          18 |    22 |
|          19 |    24 |
|          20 |    30 |
|          21 |    35 |
|          22 |    22 |
|          23 |    30 |
|          24 |    25 |
|          25 |    29 |
|          26 |    34 |
|          27 |    31 |
|          28 |    32 |
|          29 |    36 |
|          30 |    34 |
|          31 |    26 |
|          32 |    29 |
|          33 |    21 |
|          34 |    24 |
|          35 |    32 |
|          36 |    27 |
|          37 |    23 |
|          38 |    34 |
|          39 |    29 |
|          40 |    27 |
|          41 |    25 |
|          42 |    30 |
|          43 |    24 |
|          44 |    26 |
|          45 |    27 |
|          46 |    34 |
|          47 |    22 |
|          48 |    17 |
|          49 |    28 |
|          50 |    35 |
|          51 |    33 |
|          52 |    29 |
|          53 |    30 |
|          54 |    29 |
|          55 |    22 |
|          56 |    30 |
|          57 |    28 |
|          58 |    27 |
|          59 |    27 |
|          60 |    25 |
|          61 |    14 |
|          62 |    23 |
|          63 |    25 |
|          64 |    33 |
|          65 |    22 |
|          66 |    34 |
|          67 |    22 |
|          68 |    22 |
|          69 |    25 |
|          70 |    18 |
|          71 |    30 |
|          72 |    30 |
|          73 |    24 |
|          74 |    27 |
|          75 |    41 |
|          76 |    23 |
|          77 |    28 |
|          78 |    31 |
|          79 |    22 |
|          80 |    30 |
|          81 |    22 |
|          82 |    26 |
|          83 |    25 |
|          84 |    33 |
|          85 |    23 |
|          86 |    33 |
|          87 |    30 |
|          88 |    21 |
|          89 |    32 |
|          90 |    28 |
|          91 |    35 |
|          92 |    28 |
|          93 |    23 |
|          94 |    21 |
|          95 |    18 |
|          96 |    27 |
|          97 |    18 |
|          98 |    25 |
|          99 |    24 |
|         100 |    24 |
|         101 |    24 |
|         102 |    33 |
|         103 |    31 |
|         104 |    24 |
|         105 |    26 |
|         106 |    23 |
|         107 |    30 |
|         108 |    30 |
|         109 |    26 |
|         110 |    14 |
|         111 |    26 |
|         112 |    30 |
|         113 |    29 |
|         114 |    33 |
|         115 |    30 |
|         116 |    27 |
|         117 |    19 |
|         118 |    21 |
|         119 |    34 |
|         120 |    32 |
|         121 |    26 |
|         122 |    32 |
|         123 |    24 |
|         124 |    18 |
|         125 |    32 |
|         126 |    28 |
|         127 |    24 |
|         128 |    32 |
|         129 |    34 |
|         130 |    24 |
|         131 |    30 |
|         132 |    28 |
|         133 |    27 |
|         134 |    23 |
|         135 |    30 |
|         136 |    15 |
|         137 |    39 |
|         138 |    34 |
|         139 |    27 |
|         140 |    18 |
|         141 |    32 |
|         142 |    26 |
|         143 |    22 |
|         144 |    42 |
|         145 |    28 |
|         146 |    29 |
|         147 |    34 |
|         148 |    46 |
|         149 |    26 |
|         150 |    25 |
|         151 |    27 |
|         152 |    21 |
|         153 |    24 |
|         154 |    30 |
|         155 |    25 |
|         156 |    25 |
|         157 |    31 |
|         158 |    32 |
|         159 |    21 |
|         160 |    27 |
|         161 |    30 |
|         162 |    20 |
|         163 |    29 |
|         164 |    16 |
|         165 |    21 |
|         166 |    28 |
|         167 |    32 |
|         168 |    34 |
|         169 |    22 |
|         170 |    26 |
|         171 |    26 |
|         172 |    33 |
|         173 |    29 |
|         174 |    21 |
|         175 |    24 |
|         176 |    37 |
|         177 |    23 |
|         178 |    39 |
|         179 |    29 |
|         180 |    23 |
|         181 |    34 |
|         182 |    26 |
|         183 |    23 |
|         184 |    23 |
|         185 |    23 |
|         186 |    31 |
|         187 |    28 |
|         188 |    25 |
|         189 |    22 |
|         190 |    27 |
|         191 |    20 |
|         192 |    23 |
|         193 |    25 |
|         194 |    18 |
|         195 |    19 |
|         196 |    35 |
|         197 |    40 |
|         198 |    37 |
|         199 |    25 |
|         200 |    27 |
|         201 |    25 |
|         202 |    26 |
|         203 |    20 |
|         204 |    35 |
|         205 |    18 |
|         206 |    27 |
|         207 |    34 |
|         208 |    26 |
|         209 |    32 |
|         210 |    31 |
|         211 |    34 |
|         212 |    20 |
|         213 |    28 |
|         214 |    31 |
|         215 |    26 |
|         216 |    23 |
|         217 |    23 |
|         218 |    18 |
|         219 |    26 |
|         220 |    27 |
|         221 |    28 |
|         222 |    21 |
|         223 |    17 |
|         224 |    22 |
|         225 |    26 |
|         226 |    21 |
|         227 |    24 |
|         228 |    27 |
|         229 |    25 |
|         230 |    33 |
|         231 |    26 |
|         232 |    25 |
|         233 |    23 |
|         234 |    26 |
|         235 |    25 |
|         236 |    42 |
|         237 |    33 |
|         238 |    21 |
|         239 |    34 |
|         240 |    26 |
|         241 |    34 |
|         242 |    32 |
|         243 |    24 |
|         244 |    32 |
|         245 |    32 |
|         246 |    23 |
|         247 |    22 |
|         248 |    15 |
|         249 |    23 |
|         250 |    20 |
|         251 |    31 |
|         252 |    22 |
|         253 |    29 |
|         254 |    32 |
|         255 |    18 |
|         256 |    30 |
|         257 |    37 |
|         258 |    24 |
|         259 |    32 |
|         260 |    31 |
|         261 |    26 |
|         262 |    28 |
|         263 |    29 |
|         264 |    25 |
|         265 |    29 |
|         266 |    28 |
|         267 |    36 |
|         268 |    29 |
|         269 |    30 |
|         270 |    25 |
|         271 |    18 |
|         272 |    20 |
|         273 |    35 |
|         274 |    35 |
|         275 |    30 |
|         276 |    28 |
|         277 |    32 |
|         278 |    26 |
|         279 |    31 |
|         280 |    27 |
|         281 |    14 |
|         282 |    27 |
|         283 |    28 |
|         284 |    28 |
|         285 |    26 |
|         286 |    27 |
|         287 |    29 |
|         288 |    24 |
|         289 |    30 |
|         290 |    28 |
|         291 |    23 |
|         292 |    27 |
|         293 |    31 |
|         294 |    26 |
|         295 |    38 |
|         296 |    30 |
|         297 |    33 |
|         298 |    26 |
|         299 |    30 |
|         300 |    31 |
|         301 |    21 |
|         302 |    29 |
|         303 |    26 |
|         304 |    26 |
|         305 |    25 |
|         306 |    32 |
|         307 |    30 |
|         308 |    25 |
|         309 |    31 |
|         310 |    20 |
|         311 |    23 |
|         312 |    26 |
|         313 |    23 |
|         314 |    33 |
|         315 |    17 |
|         316 |    29 |
|         317 |    28 |
|         318 |    12 |
|         319 |    30 |
|         320 |    20 |
|         321 |    22 |
|         322 |    28 |
|         323 |    31 |
|         324 |    25 |
|         325 |    22 |
|         326 |    25 |
|         327 |    26 |
|         328 |    23 |
|         329 |    32 |
|         330 |    25 |
|         331 |    27 |
|         332 |    28 |
|         333 |    27 |
|         334 |    30 |
|         335 |    23 |
|         336 |    30 |
|         337 |    29 |
|         338 |    28 |
|         339 |    30 |
|         340 |    31 |
|         341 |    23 |
|         342 |    32 |
|         343 |    25 |
|         344 |    18 |
|         345 |    23 |
|         346 |    32 |
|         347 |    30 |
|         348 |    36 |
|         349 |    29 |
|         350 |    23 |
|         351 |    24 |
|         352 |    23 |
|         353 |    18 |
|         354 |    36 |
|         355 |    20 |
|         356 |    30 |
|         357 |    26 |
|         358 |    21 |
|         359 |    25 |
|         360 |    34 |
|         361 |    31 |
|         362 |    32 |
|         363 |    29 |
|         364 |    23 |
|         365 |    23 |
|         366 |    37 |
|         367 |    22 |
|         368 |    35 |
|         369 |    25 |
|         370 |    19 |
|         371 |    35 |
|         372 |    34 |
|         373 |    35 |
|         374 |    28 |
|         375 |    24 |
|         376 |    28 |
|         377 |    26 |
|         378 |    19 |
|         379 |    23 |
|         380 |    36 |
|         381 |    35 |
|         382 |    24 |
|         383 |    27 |
|         384 |    25 |
|         385 |    26 |
|         386 |    29 |
|         387 |    26 |
|         388 |    30 |
|         389 |    26 |
|         390 |    33 |
|         391 |    30 |
|         392 |    23 |
|         393 |    31 |
|         394 |    22 |
|         395 |    19 |
|         396 |    27 |
|         397 |    29 |
|         398 |    16 |
|         399 |    21 |
|         400 |    28 |
|         401 |    21 |
|         402 |    20 |
|         403 |    35 |
|         404 |    30 |
|         405 |    32 |
|         406 |    32 |
|         407 |    27 |
|         408 |    30 |
|         409 |    23 |
|         410 |    38 |
|         411 |    26 |
|         412 |    21 |
|         413 |    21 |
|         414 |    25 |
|         415 |    23 |
|         416 |    31 |
|         417 |    25 |
|         418 |    30 |
|         419 |    25 |
|         420 |    21 |
|         421 |    27 |
|         422 |    26 |
|         423 |    26 |
|         424 |    30 |
|         425 |    26 |
|         426 |    27 |
|         427 |    24 |
|         428 |    20 |
|         429 |    21 |
|         430 |    22 |
|         431 |    23 |
|         432 |    23 |
|         433 |    25 |
|         434 |    27 |
|         435 |    25 |
|         436 |    30 |
|         437 |    23 |
|         438 |    33 |
|         439 |    36 |
|         440 |    22 |
|         441 |    28 |
|         442 |    32 |
|         443 |    22 |
|         444 |    30 |
|         445 |    26 |
|         446 |    31 |
|         447 |    29 |
|         448 |    29 |
|         449 |    20 |
|         450 |    26 |
|         451 |    33 |
|         452 |    32 |
|         453 |    23 |
|         454 |    33 |
|         455 |    24 |
|         456 |    25 |
|         457 |    28 |
|         458 |    19 |
|         459 |    38 |
|         460 |    25 |
|         461 |    28 |
|         462 |    33 |
|         463 |    25 |
|         464 |    16 |
|         465 |    17 |
|         466 |    23 |
|         467 |    29 |
|         468 |    39 |
|         469 |    40 |
|         470 |    32 |
|         471 |    27 |
|         472 |    30 |
|         473 |    34 |
|         474 |    26 |
|         475 |    24 |
|         476 |    22 |
|         477 |    22 |
|         478 |    19 |
|         479 |    31 |
|         480 |    22 |
|         481 |    29 |
|         482 |    29 |
|         483 |    18 |
|         484 |    30 |
|         485 |    29 |
|         486 |    26 |
|         487 |    26 |
|         488 |    22 |
|         489 |    21 |
|         490 |    24 |
|         491 |    27 |
|         492 |    16 |
|         493 |    23 |
|         494 |    31 |
|         495 |    26 |
|         496 |    21 |
|         497 |    28 |
|         498 |    27 |
|         499 |    30 |
|         500 |    28 |
|         501 |    21 |
|         502 |    34 |
|         503 |    32 |
|         504 |    28 |
|         505 |    21 |
|         506 |    35 |
|         507 |    25 |
|         508 |    25 |
|         509 |    20 |
|         510 |    26 |
|         511 |    24 |
|         512 |    26 |
|         513 |    31 |
|         514 |    22 |
|         515 |    28 |
|         516 |    26 |
|         517 |    25 |
|         518 |    26 |
|         519 |    23 |
|         520 |    32 |
|         521 |    23 |
|         522 |    33 |
|         523 |    22 |
|         524 |    19 |
|         525 |    19 |
|         526 |    45 |
|         527 |    24 |
|         528 |    25 |
|         529 |    29 |
|         530 |    23 |
|         531 |    25 |
|         532 |    32 |
|         533 |    33 |
|         534 |    24 |
|         535 |    32 |
|         536 |    25 |
|         537 |    25 |
|         538 |    29 |
|         539 |    22 |
|         540 |    24 |
|         541 |    24 |
|         542 |    18 |
|         543 |    22 |
|         544 |    22 |
|         545 |    21 |
|         546 |    25 |
|         547 |    23 |
|         548 |    19 |
|         549 |    20 |
|         550 |    32 |
|         551 |    26 |
|         552 |    21 |
|         553 |    24 |
|         554 |    22 |
|         555 |    17 |
|         556 |    21 |
|         557 |    24 |
|         558 |    28 |
|         559 |    28 |
|         560 |    30 |
|         561 |    27 |
|         562 |    25 |
|         563 |    29 |
|         564 |    24 |
|         565 |    29 |
|         566 |    34 |
|         567 |    20 |
|         568 |    21 |
|         569 |    32 |
|         570 |    26 |
|         571 |    24 |
|         572 |    25 |
|         573 |    29 |
|         574 |    28 |
|         575 |    29 |
|         576 |    34 |
|         577 |    27 |
|         578 |    22 |
|         579 |    27 |
|         580 |    27 |
|         581 |    27 |
|         582 |    25 |
|         583 |    23 |
|         584 |    30 |
|         585 |    24 |
|         586 |    19 |
|         587 |    26 |
|         588 |    29 |
|         589 |    28 |
|         590 |    25 |
|         591 |    27 |
|         592 |    29 |
|         593 |    26 |
|         594 |    27 |
|         595 |    30 |
|         596 |    28 |
|         597 |    25 |
|         598 |    22 |
|         599 |    19 |
+-------------+-------+
599 rows in set (0.0109 sec)
 MySQL  localhost:3306 ssl  sakila  SQL > select customer_id, count(*) as total from rental group by customer_id;
+-------------+-------+
| customer_id | total |
+-------------+-------+
|           1 |    32 |
|           2 |    27 |
|           3 |    26 |
|           4 |    22 |
|           5 |    38 |
|           6 |    28 |
|           7 |    33 |
|           8 |    24 |
|           9 |    23 |
|          10 |    25 |
|          11 |    24 |
|          12 |    28 |
|          13 |    27 |
|          14 |    28 |
|          15 |    32 |
|          16 |    28 |
|          17 |    21 |
|          18 |    22 |
|          19 |    24 |
|          20 |    30 |
|          21 |    35 |
|          22 |    22 |
|          23 |    30 |
|          24 |    25 |
|          25 |    29 |
|          26 |    34 |
|          27 |    31 |
|          28 |    32 |
|          29 |    36 |
|          30 |    34 |
|          31 |    26 |
|          32 |    29 |
|          33 |    21 |
|          34 |    24 |
|          35 |    32 |
|          36 |    27 |
|          37 |    23 |
|          38 |    34 |
|          39 |    29 |
|          40 |    27 |
|          41 |    25 |
|          42 |    30 |
|          43 |    24 |
|          44 |    26 |
|          45 |    27 |
|          46 |    34 |
|          47 |    22 |
|          48 |    17 |
|          49 |    28 |
|          50 |    35 |
|          51 |    33 |
|          52 |    29 |
|          53 |    30 |
|          54 |    29 |
|          55 |    22 |
|          56 |    30 |
|          57 |    28 |
|          58 |    27 |
|          59 |    27 |
|          60 |    25 |
|          61 |    14 |
|          62 |    23 |
|          63 |    25 |
|          64 |    33 |
|          65 |    22 |
|          66 |    34 |
|          67 |    22 |
|          68 |    22 |
|          69 |    25 |
|          70 |    18 |
|          71 |    30 |
|          72 |    30 |
|          73 |    24 |
|          74 |    27 |
|          75 |    41 |
|          76 |    23 |
|          77 |    28 |
|          78 |    31 |
|          79 |    22 |
|          80 |    30 |
|          81 |    22 |
|          82 |    26 |
|          83 |    25 |
|          84 |    33 |
|          85 |    23 |
|          86 |    33 |
|          87 |    30 |
|          88 |    21 |
|          89 |    32 |
|          90 |    28 |
|          91 |    35 |
|          92 |    28 |
|          93 |    23 |
|          94 |    21 |
|          95 |    18 |
|          96 |    27 |
|          97 |    18 |
|          98 |    25 |
|          99 |    24 |
|         100 |    24 |
|         101 |    24 |
|         102 |    33 |
|         103 |    31 |
|         104 |    24 |
|         105 |    26 |
|         106 |    23 |
|         107 |    30 |
|         108 |    30 |
|         109 |    26 |
|         110 |    14 |
|         111 |    26 |
|         112 |    30 |
|         113 |    29 |
|         114 |    33 |
|         115 |    30 |
|         116 |    27 |
|         117 |    19 |
|         118 |    21 |
|         119 |    34 |
|         120 |    32 |
|         121 |    26 |
|         122 |    32 |
|         123 |    24 |
|         124 |    18 |
|         125 |    32 |
|         126 |    28 |
|         127 |    24 |
|         128 |    32 |
|         129 |    34 |
|         130 |    24 |
|         131 |    30 |
|         132 |    28 |
|         133 |    27 |
|         134 |    23 |
|         135 |    30 |
|         136 |    15 |
|         137 |    39 |
|         138 |    34 |
|         139 |    27 |
|         140 |    18 |
|         141 |    32 |
|         142 |    26 |
|         143 |    22 |
|         144 |    42 |
|         145 |    28 |
|         146 |    29 |
|         147 |    34 |
|         148 |    46 |
|         149 |    26 |
|         150 |    25 |
|         151 |    27 |
|         152 |    21 |
|         153 |    24 |
|         154 |    30 |
|         155 |    25 |
|         156 |    25 |
|         157 |    31 |
|         158 |    32 |
|         159 |    21 |
|         160 |    27 |
|         161 |    30 |
|         162 |    20 |
|         163 |    29 |
|         164 |    16 |
|         165 |    21 |
|         166 |    28 |
|         167 |    32 |
|         168 |    34 |
|         169 |    22 |
|         170 |    26 |
|         171 |    26 |
|         172 |    33 |
|         173 |    29 |
|         174 |    21 |
|         175 |    24 |
|         176 |    37 |
|         177 |    23 |
|         178 |    39 |
|         179 |    29 |
|         180 |    23 |
|         181 |    34 |
|         182 |    26 |
|         183 |    23 |
|         184 |    23 |
|         185 |    23 |
|         186 |    31 |
|         187 |    28 |
|         188 |    25 |
|         189 |    22 |
|         190 |    27 |
|         191 |    20 |
|         192 |    23 |
|         193 |    25 |
|         194 |    18 |
|         195 |    19 |
|         196 |    35 |
|         197 |    40 |
|         198 |    37 |
|         199 |    25 |
|         200 |    27 |
|         201 |    25 |
|         202 |    26 |
|         203 |    20 |
|         204 |    35 |
|         205 |    18 |
|         206 |    27 |
|         207 |    34 |
|         208 |    26 |
|         209 |    32 |
|         210 |    31 |
|         211 |    34 |
|         212 |    20 |
|         213 |    28 |
|         214 |    31 |
|         215 |    26 |
|         216 |    23 |
|         217 |    23 |
|         218 |    18 |
|         219 |    26 |
|         220 |    27 |
|         221 |    28 |
|         222 |    21 |
|         223 |    17 |
|         224 |    22 |
|         225 |    26 |
|         226 |    21 |
|         227 |    24 |
|         228 |    27 |
|         229 |    25 |
|         230 |    33 |
|         231 |    26 |
|         232 |    25 |
|         233 |    23 |
|         234 |    26 |
|         235 |    25 |
|         236 |    42 |
|         237 |    33 |
|         238 |    21 |
|         239 |    34 |
|         240 |    26 |
|         241 |    34 |
|         242 |    32 |
|         243 |    24 |
|         244 |    32 |
|         245 |    32 |
|         246 |    23 |
|         247 |    22 |
|         248 |    15 |
|         249 |    23 |
|         250 |    20 |
|         251 |    31 |
|         252 |    22 |
|         253 |    29 |
|         254 |    32 |
|         255 |    18 |
|         256 |    30 |
|         257 |    37 |
|         258 |    24 |
|         259 |    32 |
|         260 |    31 |
|         261 |    26 |
|         262 |    28 |
|         263 |    29 |
|         264 |    25 |
|         265 |    29 |
|         266 |    28 |
|         267 |    36 |
|         268 |    29 |
|         269 |    30 |
|         270 |    25 |
|         271 |    18 |
|         272 |    20 |
|         273 |    35 |
|         274 |    35 |
|         275 |    30 |
|         276 |    28 |
|         277 |    32 |
|         278 |    26 |
|         279 |    31 |
|         280 |    27 |
|         281 |    14 |
|         282 |    27 |
|         283 |    28 |
|         284 |    28 |
|         285 |    26 |
|         286 |    27 |
|         287 |    29 |
|         288 |    24 |
|         289 |    30 |
|         290 |    28 |
|         291 |    23 |
|         292 |    27 |
|         293 |    31 |
|         294 |    26 |
|         295 |    38 |
|         296 |    30 |
|         297 |    33 |
|         298 |    26 |
|         299 |    30 |
|         300 |    31 |
|         301 |    21 |
|         302 |    29 |
|         303 |    26 |
|         304 |    26 |
|         305 |    25 |
|         306 |    32 |
|         307 |    30 |
|         308 |    25 |
|         309 |    31 |
|         310 |    20 |
|         311 |    23 |
|         312 |    26 |
|         313 |    23 |
|         314 |    33 |
|         315 |    17 |
|         316 |    29 |
|         317 |    28 |
|         318 |    12 |
|         319 |    30 |
|         320 |    20 |
|         321 |    22 |
|         322 |    28 |
|         323 |    31 |
|         324 |    25 |
|         325 |    22 |
|         326 |    25 |
|         327 |    26 |
|         328 |    23 |
|         329 |    32 |
|         330 |    25 |
|         331 |    27 |
|         332 |    28 |
|         333 |    27 |
|         334 |    30 |
|         335 |    23 |
|         336 |    30 |
|         337 |    29 |
|         338 |    28 |
|         339 |    30 |
|         340 |    31 |
|         341 |    23 |
|         342 |    32 |
|         343 |    25 |
|         344 |    18 |
|         345 |    23 |
|         346 |    32 |
|         347 |    30 |
|         348 |    36 |
|         349 |    29 |
|         350 |    23 |
|         351 |    24 |
|         352 |    23 |
|         353 |    18 |
|         354 |    36 |
|         355 |    20 |
|         356 |    30 |
|         357 |    26 |
|         358 |    21 |
|         359 |    25 |
|         360 |    34 |
|         361 |    31 |
|         362 |    32 |
|         363 |    29 |
|         364 |    23 |
|         365 |    23 |
|         366 |    37 |
|         367 |    22 |
|         368 |    35 |
|         369 |    25 |
|         370 |    19 |
|         371 |    35 |
|         372 |    34 |
|         373 |    35 |
|         374 |    28 |
|         375 |    24 |
|         376 |    28 |
|         377 |    26 |
|         378 |    19 |
|         379 |    23 |
|         380 |    36 |
|         381 |    35 |
|         382 |    24 |
|         383 |    27 |
|         384 |    25 |
|         385 |    26 |
|         386 |    29 |
|         387 |    26 |
|         388 |    30 |
|         389 |    26 |
|         390 |    33 |
|         391 |    30 |
|         392 |    23 |
|         393 |    31 |
|         394 |    22 |
|         395 |    19 |
|         396 |    27 |
|         397 |    29 |
|         398 |    16 |
|         399 |    21 |
|         400 |    28 |
|         401 |    21 |
|         402 |    20 |
|         403 |    35 |
|         404 |    30 |
|         405 |    32 |
|         406 |    32 |
|         407 |    27 |
|         408 |    30 |
|         409 |    23 |
|         410 |    38 |
|         411 |    26 |
|         412 |    21 |
|         413 |    21 |
|         414 |    25 |
|         415 |    23 |
|         416 |    31 |
|         417 |    25 |
|         418 |    30 |
|         419 |    25 |
|         420 |    21 |
|         421 |    27 |
|         422 |    26 |
|         423 |    26 |
|         424 |    30 |
|         425 |    26 |
|         426 |    27 |
|         427 |    24 |
|         428 |    20 |
|         429 |    21 |
|         430 |    22 |
|         431 |    23 |
|         432 |    23 |
|         433 |    25 |
|         434 |    27 |
|         435 |    25 |
|         436 |    30 |
|         437 |    23 |
|         438 |    33 |
|         439 |    36 |
|         440 |    22 |
|         441 |    28 |
|         442 |    32 |
|         443 |    22 |
|         444 |    30 |
|         445 |    26 |
|         446 |    31 |
|         447 |    29 |
|         448 |    29 |
|         449 |    20 |
|         450 |    26 |
|         451 |    33 |
|         452 |    32 |
|         453 |    23 |
|         454 |    33 |
|         455 |    24 |
|         456 |    25 |
|         457 |    28 |
|         458 |    19 |
|         459 |    38 |
|         460 |    25 |
|         461 |    28 |
|         462 |    33 |
|         463 |    25 |
|         464 |    16 |
|         465 |    17 |
|         466 |    23 |
|         467 |    29 |
|         468 |    39 |
|         469 |    40 |
|         470 |    32 |
|         471 |    27 |
|         472 |    30 |
|         473 |    34 |
|         474 |    26 |
|         475 |    24 |
|         476 |    22 |
|         477 |    22 |
|         478 |    19 |
|         479 |    31 |
|         480 |    22 |
|         481 |    29 |
|         482 |    29 |
|         483 |    18 |
|         484 |    30 |
|         485 |    29 |
|         486 |    26 |
|         487 |    26 |
|         488 |    22 |
|         489 |    21 |
|         490 |    24 |
|         491 |    27 |
|         492 |    16 |
|         493 |    23 |
|         494 |    31 |
|         495 |    26 |
|         496 |    21 |
|         497 |    28 |
|         498 |    27 |
|         499 |    30 |
|         500 |    28 |
|         501 |    21 |
|         502 |    34 |
|         503 |    32 |
|         504 |    28 |
|         505 |    21 |
|         506 |    35 |
|         507 |    25 |
|         508 |    25 |
|         509 |    20 |
|         510 |    26 |
|         511 |    24 |
|         512 |    26 |
|         513 |    31 |
|         514 |    22 |
|         515 |    28 |
|         516 |    26 |
|         517 |    25 |
|         518 |    26 |
|         519 |    23 |
|         520 |    32 |
|         521 |    23 |
|         522 |    33 |
|         523 |    22 |
|         524 |    19 |
|         525 |    19 |
|         526 |    45 |
|         527 |    24 |
|         528 |    25 |
|         529 |    29 |
|         530 |    23 |
|         531 |    25 |
|         532 |    32 |
|         533 |    33 |
|         534 |    24 |
|         535 |    32 |
|         536 |    25 |
|         537 |    25 |
|         538 |    29 |
|         539 |    22 |
|         540 |    24 |
|         541 |    24 |
|         542 |    18 |
|         543 |    22 |
|         544 |    22 |
|         545 |    21 |
|         546 |    25 |
|         547 |    23 |
|         548 |    19 |
|         549 |    20 |
|         550 |    32 |
|         551 |    26 |
|         552 |    21 |
|         553 |    24 |
|         554 |    22 |
|         555 |    17 |
|         556 |    21 |
|         557 |    24 |
|         558 |    28 |
|         559 |    28 |
|         560 |    30 |
|         561 |    27 |
|         562 |    25 |
|         563 |    29 |
|         564 |    24 |
|         565 |    29 |
|         566 |    34 |
|         567 |    20 |
|         568 |    21 |
|         569 |    32 |
|         570 |    26 |
|         571 |    24 |
|         572 |    25 |
|         573 |    29 |
|         574 |    28 |
|         575 |    29 |
|         576 |    34 |
|         577 |    27 |
|         578 |    22 |
|         579 |    27 |
|         580 |    27 |
|         581 |    27 |
|         582 |    25 |
|         583 |    23 |
|         584 |    30 |
|         585 |    24 |
|         586 |    19 |
|         587 |    26 |
|         588 |    29 |
|         589 |    28 |
|         590 |    25 |
|         591 |    27 |
|         592 |    29 |
|         593 |    26 |
|         594 |    27 |
|         595 |    30 |
|         596 |    28 |
|         597 |    25 |
|         598 |    22 |
|         599 |    19 |
+-------------+-------+
599 rows in set (0.0080 sec)
 MySQL  localhost:3306 ssl  sakila  SQL > select customer_id, count(*) as conteo from rental group by customer_id order by conteo;
+-------------+--------+
| customer_id | conteo |
+-------------+--------+
|         318 |     12 |
|          61 |     14 |
|         110 |     14 |
|         281 |     14 |
|         136 |     15 |
|         248 |     15 |
|         164 |     16 |
|         398 |     16 |
|         464 |     16 |
|         492 |     16 |
|          48 |     17 |
|         223 |     17 |
|         315 |     17 |
|         465 |     17 |
|         555 |     17 |
|          70 |     18 |
|          95 |     18 |
|          97 |     18 |
|         124 |     18 |
|         140 |     18 |
|         194 |     18 |
|         205 |     18 |
|         218 |     18 |
|         255 |     18 |
|         271 |     18 |
|         344 |     18 |
|         353 |     18 |
|         483 |     18 |
|         542 |     18 |
|         117 |     19 |
|         195 |     19 |
|         370 |     19 |
|         378 |     19 |
|         395 |     19 |
|         458 |     19 |
|         478 |     19 |
|         524 |     19 |
|         525 |     19 |
|         548 |     19 |
|         586 |     19 |
|         599 |     19 |
|         162 |     20 |
|         191 |     20 |
|         203 |     20 |
|         212 |     20 |
|         250 |     20 |
|         272 |     20 |
|         310 |     20 |
|         320 |     20 |
|         355 |     20 |
|         402 |     20 |
|         428 |     20 |
|         449 |     20 |
|         509 |     20 |
|         549 |     20 |
|         567 |     20 |
|          17 |     21 |
|          33 |     21 |
|          88 |     21 |
|          94 |     21 |
|         118 |     21 |
|         152 |     21 |
|         159 |     21 |
|         165 |     21 |
|         174 |     21 |
|         222 |     21 |
|         226 |     21 |
|         238 |     21 |
|         301 |     21 |
|         358 |     21 |
|         399 |     21 |
|         401 |     21 |
|         412 |     21 |
|         413 |     21 |
|         420 |     21 |
|         429 |     21 |
|         489 |     21 |
|         496 |     21 |
|         501 |     21 |
|         505 |     21 |
|         545 |     21 |
|         552 |     21 |
|         556 |     21 |
|         568 |     21 |
|           4 |     22 |
|          18 |     22 |
|          22 |     22 |
|          47 |     22 |
|          55 |     22 |
|          65 |     22 |
|          67 |     22 |
|          68 |     22 |
|          79 |     22 |
|          81 |     22 |
|         143 |     22 |
|         169 |     22 |
|         189 |     22 |
|         224 |     22 |
|         247 |     22 |
|         252 |     22 |
|         321 |     22 |
|         325 |     22 |
|         367 |     22 |
|         394 |     22 |
|         430 |     22 |
|         440 |     22 |
|         443 |     22 |
|         476 |     22 |
|         477 |     22 |
|         480 |     22 |
|         488 |     22 |
|         514 |     22 |
|         523 |     22 |
|         539 |     22 |
|         543 |     22 |
|         544 |     22 |
|         554 |     22 |
|         578 |     22 |
|         598 |     22 |
|           9 |     23 |
|          37 |     23 |
|          62 |     23 |
|          76 |     23 |
|          85 |     23 |
|          93 |     23 |
|         106 |     23 |
|         134 |     23 |
|         177 |     23 |
|         180 |     23 |
|         183 |     23 |
|         184 |     23 |
|         185 |     23 |
|         192 |     23 |
|         216 |     23 |
|         217 |     23 |
|         233 |     23 |
|         246 |     23 |
|         249 |     23 |
|         291 |     23 |
|         311 |     23 |
|         313 |     23 |
|         328 |     23 |
|         335 |     23 |
|         341 |     23 |
|         345 |     23 |
|         350 |     23 |
|         352 |     23 |
|         364 |     23 |
|         365 |     23 |
|         379 |     23 |
|         392 |     23 |
|         409 |     23 |
|         415 |     23 |
|         431 |     23 |
|         432 |     23 |
|         437 |     23 |
|         453 |     23 |
|         466 |     23 |
|         493 |     23 |
|         519 |     23 |
|         521 |     23 |
|         530 |     23 |
|         547 |     23 |
|         583 |     23 |
|           8 |     24 |
|          11 |     24 |
|          19 |     24 |
|          34 |     24 |
|          43 |     24 |
|          73 |     24 |
|          99 |     24 |
|         100 |     24 |
|         101 |     24 |
|         104 |     24 |
|         123 |     24 |
|         127 |     24 |
|         130 |     24 |
|         153 |     24 |
|         175 |     24 |
|         227 |     24 |
|         243 |     24 |
|         258 |     24 |
|         288 |     24 |
|         351 |     24 |
|         375 |     24 |
|         382 |     24 |
|         427 |     24 |
|         455 |     24 |
|         475 |     24 |
|         490 |     24 |
|         511 |     24 |
|         527 |     24 |
|         534 |     24 |
|         540 |     24 |
|         541 |     24 |
|         553 |     24 |
|         557 |     24 |
|         564 |     24 |
|         571 |     24 |
|         585 |     24 |
|          10 |     25 |
|          24 |     25 |
|          41 |     25 |
|          60 |     25 |
|          63 |     25 |
|          69 |     25 |
|          83 |     25 |
|          98 |     25 |
|         150 |     25 |
|         155 |     25 |
|         156 |     25 |
|         188 |     25 |
|         193 |     25 |
|         199 |     25 |
|         201 |     25 |
|         229 |     25 |
|         232 |     25 |
|         235 |     25 |
|         264 |     25 |
|         270 |     25 |
|         305 |     25 |
|         308 |     25 |
|         324 |     25 |
|         326 |     25 |
|         330 |     25 |
|         343 |     25 |
|         359 |     25 |
|         369 |     25 |
|         384 |     25 |
|         414 |     25 |
|         417 |     25 |
|         419 |     25 |
|         433 |     25 |
|         435 |     25 |
|         456 |     25 |
|         460 |     25 |
|         463 |     25 |
|         507 |     25 |
|         508 |     25 |
|         517 |     25 |
|         528 |     25 |
|         531 |     25 |
|         536 |     25 |
|         537 |     25 |
|         546 |     25 |
|         562 |     25 |
|         572 |     25 |
|         582 |     25 |
|         590 |     25 |
|         597 |     25 |
|           3 |     26 |
|          31 |     26 |
|          44 |     26 |
|          82 |     26 |
|         105 |     26 |
|         109 |     26 |
|         111 |     26 |
|         121 |     26 |
|         142 |     26 |
|         149 |     26 |
|         170 |     26 |
|         171 |     26 |
|         182 |     26 |
|         202 |     26 |
|         208 |     26 |
|         215 |     26 |
|         219 |     26 |
|         225 |     26 |
|         231 |     26 |
|         234 |     26 |
|         240 |     26 |
|         261 |     26 |
|         278 |     26 |
|         285 |     26 |
|         294 |     26 |
|         298 |     26 |
|         303 |     26 |
|         304 |     26 |
|         312 |     26 |
|         327 |     26 |
|         357 |     26 |
|         377 |     26 |
|         385 |     26 |
|         387 |     26 |
|         389 |     26 |
|         411 |     26 |
|         422 |     26 |
|         423 |     26 |
|         425 |     26 |
|         445 |     26 |
|         450 |     26 |
|         474 |     26 |
|         486 |     26 |
|         487 |     26 |
|         495 |     26 |
|         510 |     26 |
|         512 |     26 |
|         516 |     26 |
|         518 |     26 |
|         551 |     26 |
|         570 |     26 |
|         587 |     26 |
|         593 |     26 |
|           2 |     27 |
|          13 |     27 |
|          36 |     27 |
|          40 |     27 |
|          45 |     27 |
|          58 |     27 |
|          59 |     27 |
|          74 |     27 |
|          96 |     27 |
|         116 |     27 |
|         133 |     27 |
|         139 |     27 |
|         151 |     27 |
|         160 |     27 |
|         190 |     27 |
|         200 |     27 |
|         206 |     27 |
|         220 |     27 |
|         228 |     27 |
|         280 |     27 |
|         282 |     27 |
|         286 |     27 |
|         292 |     27 |
|         331 |     27 |
|         333 |     27 |
|         383 |     27 |
|         396 |     27 |
|         407 |     27 |
|         421 |     27 |
|         426 |     27 |
|         434 |     27 |
|         471 |     27 |
|         491 |     27 |
|         498 |     27 |
|         561 |     27 |
|         577 |     27 |
|         579 |     27 |
|         580 |     27 |
|         581 |     27 |
|         591 |     27 |
|         594 |     27 |
|           6 |     28 |
|          12 |     28 |
|          14 |     28 |
|          16 |     28 |
|          49 |     28 |
|          57 |     28 |
|          77 |     28 |
|          90 |     28 |
|          92 |     28 |
|         126 |     28 |
|         132 |     28 |
|         145 |     28 |
|         166 |     28 |
|         187 |     28 |
|         213 |     28 |
|         221 |     28 |
|         262 |     28 |
|         266 |     28 |
|         276 |     28 |
|         283 |     28 |
|         284 |     28 |
|         290 |     28 |
|         317 |     28 |
|         322 |     28 |
|         332 |     28 |
|         338 |     28 |
|         374 |     28 |
|         376 |     28 |
|         400 |     28 |
|         441 |     28 |
|         457 |     28 |
|         461 |     28 |
|         497 |     28 |
|         500 |     28 |
|         504 |     28 |
|         515 |     28 |
|         558 |     28 |
|         559 |     28 |
|         574 |     28 |
|         589 |     28 |
|         596 |     28 |
|          25 |     29 |
|          32 |     29 |
|          39 |     29 |
|          52 |     29 |
|          54 |     29 |
|         113 |     29 |
|         146 |     29 |
|         163 |     29 |
|         173 |     29 |
|         179 |     29 |
|         253 |     29 |
|         263 |     29 |
|         265 |     29 |
|         268 |     29 |
|         287 |     29 |
|         302 |     29 |
|         316 |     29 |
|         337 |     29 |
|         349 |     29 |
|         363 |     29 |
|         386 |     29 |
|         397 |     29 |
|         447 |     29 |
|         448 |     29 |
|         467 |     29 |
|         481 |     29 |
|         482 |     29 |
|         485 |     29 |
|         529 |     29 |
|         538 |     29 |
|         563 |     29 |
|         565 |     29 |
|         573 |     29 |
|         575 |     29 |
|         588 |     29 |
|         592 |     29 |
|          20 |     30 |
|          23 |     30 |
|          42 |     30 |
|          53 |     30 |
|          56 |     30 |
|          71 |     30 |
|          72 |     30 |
|          80 |     30 |
|          87 |     30 |
|         107 |     30 |
|         108 |     30 |
|         112 |     30 |
|         115 |     30 |
|         131 |     30 |
|         135 |     30 |
|         154 |     30 |
|         161 |     30 |
|         256 |     30 |
|         269 |     30 |
|         275 |     30 |
|         289 |     30 |
|         296 |     30 |
|         299 |     30 |
|         307 |     30 |
|         319 |     30 |
|         334 |     30 |
|         336 |     30 |
|         339 |     30 |
|         347 |     30 |
|         356 |     30 |
|         388 |     30 |
|         391 |     30 |
|         404 |     30 |
|         408 |     30 |
|         418 |     30 |
|         424 |     30 |
|         436 |     30 |
|         444 |     30 |
|         472 |     30 |
|         484 |     30 |
|         499 |     30 |
|         560 |     30 |
|         584 |     30 |
|         595 |     30 |
|          27 |     31 |
|          78 |     31 |
|         103 |     31 |
|         157 |     31 |
|         186 |     31 |
|         210 |     31 |
|         214 |     31 |
|         251 |     31 |
|         260 |     31 |
|         279 |     31 |
|         293 |     31 |
|         300 |     31 |
|         309 |     31 |
|         323 |     31 |
|         340 |     31 |
|         361 |     31 |
|         393 |     31 |
|         416 |     31 |
|         446 |     31 |
|         479 |     31 |
|         494 |     31 |
|         513 |     31 |
|           1 |     32 |
|          15 |     32 |
|          28 |     32 |
|          35 |     32 |
|          89 |     32 |
|         120 |     32 |
|         122 |     32 |
|         125 |     32 |
|         128 |     32 |
|         141 |     32 |
|         158 |     32 |
|         167 |     32 |
|         209 |     32 |
|         242 |     32 |
|         244 |     32 |
|         245 |     32 |
|         254 |     32 |
|         259 |     32 |
|         277 |     32 |
|         306 |     32 |
|         329 |     32 |
|         342 |     32 |
|         346 |     32 |
|         362 |     32 |
|         405 |     32 |
|         406 |     32 |
|         442 |     32 |
|         452 |     32 |
|         470 |     32 |
|         503 |     32 |
|         520 |     32 |
|         532 |     32 |
|         535 |     32 |
|         550 |     32 |
|         569 |     32 |
|           7 |     33 |
|          51 |     33 |
|          64 |     33 |
|          84 |     33 |
|          86 |     33 |
|         102 |     33 |
|         114 |     33 |
|         172 |     33 |
|         230 |     33 |
|         237 |     33 |
|         297 |     33 |
|         314 |     33 |
|         390 |     33 |
|         438 |     33 |
|         451 |     33 |
|         454 |     33 |
|         462 |     33 |
|         522 |     33 |
|         533 |     33 |
|          26 |     34 |
|          30 |     34 |
|          38 |     34 |
|          46 |     34 |
|          66 |     34 |
|         119 |     34 |
|         129 |     34 |
|         138 |     34 |
|         147 |     34 |
|         168 |     34 |
|         181 |     34 |
|         207 |     34 |
|         211 |     34 |
|         239 |     34 |
|         241 |     34 |
|         360 |     34 |
|         372 |     34 |
|         473 |     34 |
|         502 |     34 |
|         566 |     34 |
|         576 |     34 |
|          21 |     35 |
|          50 |     35 |
|          91 |     35 |
|         196 |     35 |
|         204 |     35 |
|         273 |     35 |
|         274 |     35 |
|         368 |     35 |
|         371 |     35 |
|         373 |     35 |
|         381 |     35 |
|         403 |     35 |
|         506 |     35 |
|          29 |     36 |
|         267 |     36 |
|         348 |     36 |
|         354 |     36 |
|         380 |     36 |
|         439 |     36 |
|         176 |     37 |
|         198 |     37 |
|         257 |     37 |
|         366 |     37 |
|           5 |     38 |
|         295 |     38 |
|         410 |     38 |
|         459 |     38 |
|         137 |     39 |
|         178 |     39 |
|         468 |     39 |
|         197 |     40 |
|         469 |     40 |
|          75 |     41 |
|         144 |     42 |
|         236 |     42 |
|         526 |     45 |
|         148 |     46 |
+-------------+--------+
599 rows in set (0.0062 sec)
 MySQL  localhost:3306 ssl  sakila  SQL > select customer_id, first_name, last_name from customer limit 50;
+-------------+------------+-----------+
| customer_id | first_name | last_name |
+-------------+------------+-----------+
|           1 | MARY       | SMITH     |
|           2 | PATRICIA   | JOHNSON   |
|           3 | LINDA      | WILLIAMS  |
|           4 | BARBARA    | JONES     |
|           5 | ELIZABETH  | BROWN     |
|           6 | JENNIFER   | DAVIS     |
|           7 | MARIA      | MILLER    |
|           8 | SUSAN      | WILSON    |
|           9 | MARGARET   | MOORE     |
|          10 | DOROTHY    | TAYLOR    |
|          11 | LISA       | ANDERSON  |
|          12 | NANCY      | THOMAS    |
|          13 | KAREN      | JACKSON   |
|          14 | BETTY      | WHITE     |
|          15 | HELEN      | HARRIS    |
|          16 | SANDRA     | MARTIN    |
|          17 | DONNA      | THOMPSON  |
|          18 | CAROL      | GARCIA    |
|          19 | RUTH       | MARTINEZ  |
|          20 | SHARON     | ROBINSON  |
|          21 | MICHELLE   | CLARK     |
|          22 | LAURA      | RODRIGUEZ |
|          23 | SARAH      | LEWIS     |
|          24 | KIMBERLY   | LEE       |
|          25 | DEBORAH    | WALKER    |
|          26 | JESSICA    | HALL      |
|          27 | SHIRLEY    | ALLEN     |
|          28 | CYNTHIA    | YOUNG     |
|          29 | ANGELA     | HERNANDEZ |
|          30 | MELISSA    | KING      |
|          31 | BRENDA     | WRIGHT    |
|          32 | AMY        | LOPEZ     |
|          33 | ANNA       | HILL      |
|          34 | REBECCA    | SCOTT     |
|          35 | VIRGINIA   | GREEN     |
|          36 | KATHLEEN   | ADAMS     |
|          37 | PAMELA     | BAKER     |
|          38 | MARTHA     | GONZALEZ  |
|          39 | DEBRA      | NELSON    |
|          40 | AMANDA     | CARTER    |
|          41 | STEPHANIE  | MITCHELL  |
|          42 | CAROLYN    | PEREZ     |
|          43 | CHRISTINE  | ROBERTS   |
|          44 | MARIE      | TURNER    |
|          45 | JANET      | PHILLIPS  |
|          46 | CATHERINE  | CAMPBELL  |
|          47 | FRANCES    | PARKER    |
|          48 | ANN        | EVANS     |
|          49 | JOYCE      | EDWARDS   |
|          50 | DIANE      | COLLINS   |
+-------------+------------+-----------+
50 rows in set (0.0667 sec)
 MySQL  localhost:3306 ssl  sakila  SQL > select a.customer_id, a.first_name, a.last_name from customer a limit 50;
+-------------+------------+-----------+
| customer_id | first_name | last_name |
+-------------+------------+-----------+
|           1 | MARY       | SMITH     |
|           2 | PATRICIA   | JOHNSON   |
|           3 | LINDA      | WILLIAMS  |
|           4 | BARBARA    | JONES     |
|           5 | ELIZABETH  | BROWN     |
|           6 | JENNIFER   | DAVIS     |
|           7 | MARIA      | MILLER    |
|           8 | SUSAN      | WILSON    |
|           9 | MARGARET   | MOORE     |
|          10 | DOROTHY    | TAYLOR    |
|          11 | LISA       | ANDERSON  |
|          12 | NANCY      | THOMAS    |
|          13 | KAREN      | JACKSON   |
|          14 | BETTY      | WHITE     |
|          15 | HELEN      | HARRIS    |
|          16 | SANDRA     | MARTIN    |
|          17 | DONNA      | THOMPSON  |
|          18 | CAROL      | GARCIA    |
|          19 | RUTH       | MARTINEZ  |
|          20 | SHARON     | ROBINSON  |
|          21 | MICHELLE   | CLARK     |
|          22 | LAURA      | RODRIGUEZ |
|          23 | SARAH      | LEWIS     |
|          24 | KIMBERLY   | LEE       |
|          25 | DEBORAH    | WALKER    |
|          26 | JESSICA    | HALL      |
|          27 | SHIRLEY    | ALLEN     |
|          28 | CYNTHIA    | YOUNG     |
|          29 | ANGELA     | HERNANDEZ |
|          30 | MELISSA    | KING      |
|          31 | BRENDA     | WRIGHT    |
|          32 | AMY        | LOPEZ     |
|          33 | ANNA       | HILL      |
|          34 | REBECCA    | SCOTT     |
|          35 | VIRGINIA   | GREEN     |
|          36 | KATHLEEN   | ADAMS     |
|          37 | PAMELA     | BAKER     |
|          38 | MARTHA     | GONZALEZ  |
|          39 | DEBRA      | NELSON    |
|          40 | AMANDA     | CARTER    |
|          41 | STEPHANIE  | MITCHELL  |
|          42 | CAROLYN    | PEREZ     |
|          43 | CHRISTINE  | ROBERTS   |
|          44 | MARIE      | TURNER    |
|          45 | JANET      | PHILLIPS  |
|          46 | CATHERINE  | CAMPBELL  |
|          47 | FRANCES    | PARKER    |
|          48 | ANN        | EVANS     |
|          49 | JOYCE      | EDWARDS   |
|          50 | DIANE      | COLLINS   |
+-------------+------------+-----------+
50 rows in set (0.0014 sec)
 MySQL  localhost:3306 ssl  sakila  SQL > select a.customer_id, b.first_name, b.last_name, count (*) as rentas from rental a, customer b
                                       -> where a.customer_id = b.customer_id group by a.customer_id;
ERROR: 1064 (42000): You have an error in your SQL syntax; check the manual that corresponds to your MySQL server version for the right syntax to use near '*) as rentas from rental a, customer b
where a.customer_id = b.customer_id group' at line 1
 MySQL  localhost:3306 ssl  sakila  SQL > select a.customer_id, b.first_name, b.last_name, count (*) as rentas from rental a, customer b where a.customer_id = b.customer_id group by a.customer_id;
ERROR: 1064 (42000): You have an error in your SQL syntax; check the manual that corresponds to your MySQL server version for the right syntax to use near '*) as rentas from rental a, customer b where a.customer_id = b.customer_id group' at line 1
 MySQL  localhost:3306 ssl  sakila  SQL > select a.customer_id, b.first_name, b.last_name, count(*) as rentas from rental a, customer b where a.customer_id = b.customer_id group by a.customer_id;
+-------------+-------------+--------------+--------+
| customer_id | first_name  | last_name    | rentas |
+-------------+-------------+--------------+--------+
|           1 | MARY        | SMITH        |     32 |
|           2 | PATRICIA    | JOHNSON      |     27 |
|           3 | LINDA       | WILLIAMS     |     26 |
|           4 | BARBARA     | JONES        |     22 |
|           5 | ELIZABETH   | BROWN        |     38 |
|           6 | JENNIFER    | DAVIS        |     28 |
|           7 | MARIA       | MILLER       |     33 |
|           8 | SUSAN       | WILSON       |     24 |
|           9 | MARGARET    | MOORE        |     23 |
|          10 | DOROTHY     | TAYLOR       |     25 |
|          11 | LISA        | ANDERSON     |     24 |
|          12 | NANCY       | THOMAS       |     28 |
|          13 | KAREN       | JACKSON      |     27 |
|          14 | BETTY       | WHITE        |     28 |
|          15 | HELEN       | HARRIS       |     32 |
|          16 | SANDRA      | MARTIN       |     28 |
|          17 | DONNA       | THOMPSON     |     21 |
|          18 | CAROL       | GARCIA       |     22 |
|          19 | RUTH        | MARTINEZ     |     24 |
|          20 | SHARON      | ROBINSON     |     30 |
|          21 | MICHELLE    | CLARK        |     35 |
|          22 | LAURA       | RODRIGUEZ    |     22 |
|          23 | SARAH       | LEWIS        |     30 |
|          24 | KIMBERLY    | LEE          |     25 |
|          25 | DEBORAH     | WALKER       |     29 |
|          26 | JESSICA     | HALL         |     34 |
|          27 | SHIRLEY     | ALLEN        |     31 |
|          28 | CYNTHIA     | YOUNG        |     32 |
|          29 | ANGELA      | HERNANDEZ    |     36 |
|          30 | MELISSA     | KING         |     34 |
|          31 | BRENDA      | WRIGHT       |     26 |
|          32 | AMY         | LOPEZ        |     29 |
|          33 | ANNA        | HILL         |     21 |
|          34 | REBECCA     | SCOTT        |     24 |
|          35 | VIRGINIA    | GREEN        |     32 |
|          36 | KATHLEEN    | ADAMS        |     27 |
|          37 | PAMELA      | BAKER        |     23 |
|          38 | MARTHA      | GONZALEZ     |     34 |
|          39 | DEBRA       | NELSON       |     29 |
|          40 | AMANDA      | CARTER       |     27 |
|          41 | STEPHANIE   | MITCHELL     |     25 |
|          42 | CAROLYN     | PEREZ        |     30 |
|          43 | CHRISTINE   | ROBERTS      |     24 |
|          44 | MARIE       | TURNER       |     26 |
|          45 | JANET       | PHILLIPS     |     27 |
|          46 | CATHERINE   | CAMPBELL     |     34 |
|          47 | FRANCES     | PARKER       |     22 |
|          48 | ANN         | EVANS        |     17 |
|          49 | JOYCE       | EDWARDS      |     28 |
|          50 | DIANE       | COLLINS      |     35 |
|          51 | ALICE       | STEWART      |     33 |
|          52 | JULIE       | SANCHEZ      |     29 |
|          53 | HEATHER     | MORRIS       |     30 |
|          54 | TERESA      | ROGERS       |     29 |
|          55 | DORIS       | REED         |     22 |
|          56 | GLORIA      | COOK         |     30 |
|          57 | EVELYN      | MORGAN       |     28 |
|          58 | JEAN        | BELL         |     27 |
|          59 | CHERYL      | MURPHY       |     27 |
|          60 | MILDRED     | BAILEY       |     25 |
|          61 | KATHERINE   | RIVERA       |     14 |
|          62 | JOAN        | COOPER       |     23 |
|          63 | ASHLEY      | RICHARDSON   |     25 |
|          64 | JUDITH      | COX          |     33 |
|          65 | ROSE        | HOWARD       |     22 |
|          66 | JANICE      | WARD         |     34 |
|          67 | KELLY       | TORRES       |     22 |
|          68 | NICOLE      | PETERSON     |     22 |
|          69 | JUDY        | GRAY         |     25 |
|          70 | CHRISTINA   | RAMIREZ      |     18 |
|          71 | KATHY       | JAMES        |     30 |
|          72 | THERESA     | WATSON       |     30 |
|          73 | BEVERLY     | BROOKS       |     24 |
|          74 | DENISE      | KELLY        |     27 |
|          75 | TAMMY       | SANDERS      |     41 |
|          76 | IRENE       | PRICE        |     23 |
|          77 | JANE        | BENNETT      |     28 |
|          78 | LORI        | WOOD         |     31 |
|          79 | RACHEL      | BARNES       |     22 |
|          80 | MARILYN     | ROSS         |     30 |
|          81 | ANDREA      | HENDERSON    |     22 |
|          82 | KATHRYN     | COLEMAN      |     26 |
|          83 | LOUISE      | JENKINS      |     25 |
|          84 | SARA        | PERRY        |     33 |
|          85 | ANNE        | POWELL       |     23 |
|          86 | JACQUELINE  | LONG         |     33 |
|          87 | WANDA       | PATTERSON    |     30 |
|          88 | BONNIE      | HUGHES       |     21 |
|          89 | JULIA       | FLORES       |     32 |
|          90 | RUBY        | WASHINGTON   |     28 |
|          91 | LOIS        | BUTLER       |     35 |
|          92 | TINA        | SIMMONS      |     28 |
|          93 | PHYLLIS     | FOSTER       |     23 |
|          94 | NORMA       | GONZALES     |     21 |
|          95 | PAULA       | BRYANT       |     18 |
|          96 | DIANA       | ALEXANDER    |     27 |
|          97 | ANNIE       | RUSSELL      |     18 |
|          98 | LILLIAN     | GRIFFIN      |     25 |
|          99 | EMILY       | DIAZ         |     24 |
|         100 | ROBIN       | HAYES        |     24 |
|         101 | PEGGY       | MYERS        |     24 |
|         102 | CRYSTAL     | FORD         |     33 |
|         103 | GLADYS      | HAMILTON     |     31 |
|         104 | RITA        | GRAHAM       |     24 |
|         105 | DAWN        | SULLIVAN     |     26 |
|         106 | CONNIE      | WALLACE      |     23 |
|         107 | FLORENCE    | WOODS        |     30 |
|         108 | TRACY       | COLE         |     30 |
|         109 | EDNA        | WEST         |     26 |
|         110 | TIFFANY     | JORDAN       |     14 |
|         111 | CARMEN      | OWENS        |     26 |
|         112 | ROSA        | REYNOLDS     |     30 |
|         113 | CINDY       | FISHER       |     29 |
|         114 | GRACE       | ELLIS        |     33 |
|         115 | WENDY       | HARRISON     |     30 |
|         116 | VICTORIA    | GIBSON       |     27 |
|         117 | EDITH       | MCDONALD     |     19 |
|         118 | KIM         | CRUZ         |     21 |
|         119 | SHERRY      | MARSHALL     |     34 |
|         120 | SYLVIA      | ORTIZ        |     32 |
|         121 | JOSEPHINE   | GOMEZ        |     26 |
|         122 | THELMA      | MURRAY       |     32 |
|         123 | SHANNON     | FREEMAN      |     24 |
|         124 | SHEILA      | WELLS        |     18 |
|         125 | ETHEL       | WEBB         |     32 |
|         126 | ELLEN       | SIMPSON      |     28 |
|         127 | ELAINE      | STEVENS      |     24 |
|         128 | MARJORIE    | TUCKER       |     32 |
|         129 | CARRIE      | PORTER       |     34 |
|         130 | CHARLOTTE   | HUNTER       |     24 |
|         131 | MONICA      | HICKS        |     30 |
|         132 | ESTHER      | CRAWFORD     |     28 |
|         133 | PAULINE     | HENRY        |     27 |
|         134 | EMMA        | BOYD         |     23 |
|         135 | JUANITA     | MASON        |     30 |
|         136 | ANITA       | MORALES      |     15 |
|         137 | RHONDA      | KENNEDY      |     39 |
|         138 | HAZEL       | WARREN       |     34 |
|         139 | AMBER       | DIXON        |     27 |
|         140 | EVA         | RAMOS        |     18 |
|         141 | DEBBIE      | REYES        |     32 |
|         142 | APRIL       | BURNS        |     26 |
|         143 | LESLIE      | GORDON       |     22 |
|         144 | CLARA       | SHAW         |     42 |
|         145 | LUCILLE     | HOLMES       |     28 |
|         146 | JAMIE       | RICE         |     29 |
|         147 | JOANNE      | ROBERTSON    |     34 |
|         148 | ELEANOR     | HUNT         |     46 |
|         149 | VALERIE     | BLACK        |     26 |
|         150 | DANIELLE    | DANIELS      |     25 |
|         151 | MEGAN       | PALMER       |     27 |
|         152 | ALICIA      | MILLS        |     21 |
|         153 | SUZANNE     | NICHOLS      |     24 |
|         154 | MICHELE     | GRANT        |     30 |
|         155 | GAIL        | KNIGHT       |     25 |
|         156 | BERTHA      | FERGUSON     |     25 |
|         157 | DARLENE     | ROSE         |     31 |
|         158 | VERONICA    | STONE        |     32 |
|         159 | JILL        | HAWKINS      |     21 |
|         160 | ERIN        | DUNN         |     27 |
|         161 | GERALDINE   | PERKINS      |     30 |
|         162 | LAUREN      | HUDSON       |     20 |
|         163 | CATHY       | SPENCER      |     29 |
|         164 | JOANN       | GARDNER      |     16 |
|         165 | LORRAINE    | STEPHENS     |     21 |
|         166 | LYNN        | PAYNE        |     28 |
|         167 | SALLY       | PIERCE       |     32 |
|         168 | REGINA      | BERRY        |     34 |
|         169 | ERICA       | MATTHEWS     |     22 |
|         170 | BEATRICE    | ARNOLD       |     26 |
|         171 | DOLORES     | WAGNER       |     26 |
|         172 | BERNICE     | WILLIS       |     33 |
|         173 | AUDREY      | RAY          |     29 |
|         174 | YVONNE      | WATKINS      |     21 |
|         175 | ANNETTE     | OLSON        |     24 |
|         176 | JUNE        | CARROLL      |     37 |
|         177 | SAMANTHA    | DUNCAN       |     23 |
|         178 | MARION      | SNYDER       |     39 |
|         179 | DANA        | HART         |     29 |
|         180 | STACY       | CUNNINGHAM   |     23 |
|         181 | ANA         | BRADLEY      |     34 |
|         182 | RENEE       | LANE         |     26 |
|         183 | IDA         | ANDREWS      |     23 |
|         184 | VIVIAN      | RUIZ         |     23 |
|         185 | ROBERTA     | HARPER       |     23 |
|         186 | HOLLY       | FOX          |     31 |
|         187 | BRITTANY    | RILEY        |     28 |
|         188 | MELANIE     | ARMSTRONG    |     25 |
|         189 | LORETTA     | CARPENTER    |     22 |
|         190 | YOLANDA     | WEAVER       |     27 |
|         191 | JEANETTE    | GREENE       |     20 |
|         192 | LAURIE      | LAWRENCE     |     23 |
|         193 | KATIE       | ELLIOTT      |     25 |
|         194 | KRISTEN     | CHAVEZ       |     18 |
|         195 | VANESSA     | SIMS         |     19 |
|         196 | ALMA        | AUSTIN       |     35 |
|         197 | SUE         | PETERS       |     40 |
|         198 | ELSIE       | KELLEY       |     37 |
|         199 | BETH        | FRANKLIN     |     25 |
|         200 | JEANNE      | LAWSON       |     27 |
|         201 | VICKI       | FIELDS       |     25 |
|         202 | CARLA       | GUTIERREZ    |     26 |
|         203 | TARA        | RYAN         |     20 |
|         204 | ROSEMARY    | SCHMIDT      |     35 |
|         205 | EILEEN      | CARR         |     18 |
|         206 | TERRI       | VASQUEZ      |     27 |
|         207 | GERTRUDE    | CASTILLO     |     34 |
|         208 | LUCY        | WHEELER      |     26 |
|         209 | TONYA       | CHAPMAN      |     32 |
|         210 | ELLA        | OLIVER       |     31 |
|         211 | STACEY      | MONTGOMERY   |     34 |
|         212 | WILMA       | RICHARDS     |     20 |
|         213 | GINA        | WILLIAMSON   |     28 |
|         214 | KRISTIN     | JOHNSTON     |     31 |
|         215 | JESSIE      | BANKS        |     26 |
|         216 | NATALIE     | MEYER        |     23 |
|         217 | AGNES       | BISHOP       |     23 |
|         218 | VERA        | MCCOY        |     18 |
|         219 | WILLIE      | HOWELL       |     26 |
|         220 | CHARLENE    | ALVAREZ      |     27 |
|         221 | BESSIE      | MORRISON     |     28 |
|         222 | DELORES     | HANSEN       |     21 |
|         223 | MELINDA     | FERNANDEZ    |     17 |
|         224 | PEARL       | GARZA        |     22 |
|         225 | ARLENE      | HARVEY       |     26 |
|         226 | MAUREEN     | LITTLE       |     21 |
|         227 | COLLEEN     | BURTON       |     24 |
|         228 | ALLISON     | STANLEY      |     27 |
|         229 | TAMARA      | NGUYEN       |     25 |
|         230 | JOY         | GEORGE       |     33 |
|         231 | GEORGIA     | JACOBS       |     26 |
|         232 | CONSTANCE   | REID         |     25 |
|         233 | LILLIE      | KIM          |     23 |
|         234 | CLAUDIA     | FULLER       |     26 |
|         235 | JACKIE      | LYNCH        |     25 |
|         236 | MARCIA      | DEAN         |     42 |
|         237 | TANYA       | GILBERT      |     33 |
|         238 | NELLIE      | GARRETT      |     21 |
|         239 | MINNIE      | ROMERO       |     34 |
|         240 | MARLENE     | WELCH        |     26 |
|         241 | HEIDI       | LARSON       |     34 |
|         242 | GLENDA      | FRAZIER      |     32 |
|         243 | LYDIA       | BURKE        |     24 |
|         244 | VIOLA       | HANSON       |     32 |
|         245 | COURTNEY    | DAY          |     32 |
|         246 | MARIAN      | MENDOZA      |     23 |
|         247 | STELLA      | MORENO       |     22 |
|         248 | CAROLINE    | BOWMAN       |     15 |
|         249 | DORA        | MEDINA       |     23 |
|         250 | JO          | FOWLER       |     20 |
|         251 | VICKIE      | BREWER       |     31 |
|         252 | MATTIE      | HOFFMAN      |     22 |
|         253 | TERRY       | CARLSON      |     29 |
|         254 | MAXINE      | SILVA        |     32 |
|         255 | IRMA        | PEARSON      |     18 |
|         256 | MABEL       | HOLLAND      |     30 |
|         257 | MARSHA      | DOUGLAS      |     37 |
|         258 | MYRTLE      | FLEMING      |     24 |
|         259 | LENA        | JENSEN       |     32 |
|         260 | CHRISTY     | VARGAS       |     31 |
|         261 | DEANNA      | BYRD         |     26 |
|         262 | PATSY       | DAVIDSON     |     28 |
|         263 | HILDA       | HOPKINS      |     29 |
|         264 | GWENDOLYN   | MAY          |     25 |
|         265 | JENNIE      | TERRY        |     29 |
|         266 | NORA        | HERRERA      |     28 |
|         267 | MARGIE      | WADE         |     36 |
|         268 | NINA        | SOTO         |     29 |
|         269 | CASSANDRA   | WALTERS      |     30 |
|         270 | LEAH        | CURTIS       |     25 |
|         271 | PENNY       | NEAL         |     18 |
|         272 | KAY         | CALDWELL     |     20 |
|         273 | PRISCILLA   | LOWE         |     35 |
|         274 | NAOMI       | JENNINGS     |     35 |
|         275 | CAROLE      | BARNETT      |     30 |
|         276 | BRANDY      | GRAVES       |     28 |
|         277 | OLGA        | JIMENEZ      |     32 |
|         278 | BILLIE      | HORTON       |     26 |
|         279 | DIANNE      | SHELTON      |     31 |
|         280 | TRACEY      | BARRETT      |     27 |
|         281 | LEONA       | OBRIEN       |     14 |
|         282 | JENNY       | CASTRO       |     27 |
|         283 | FELICIA     | SUTTON       |     28 |
|         284 | SONIA       | GREGORY      |     28 |
|         285 | MIRIAM      | MCKINNEY     |     26 |
|         286 | VELMA       | LUCAS        |     27 |
|         287 | BECKY       | MILES        |     29 |
|         288 | BOBBIE      | CRAIG        |     24 |
|         289 | VIOLET      | RODRIQUEZ    |     30 |
|         290 | KRISTINA    | CHAMBERS     |     28 |
|         291 | TONI        | HOLT         |     23 |
|         292 | MISTY       | LAMBERT      |     27 |
|         293 | MAE         | FLETCHER     |     31 |
|         294 | SHELLY      | WATTS        |     26 |
|         295 | DAISY       | BATES        |     38 |
|         296 | RAMONA      | HALE         |     30 |
|         297 | SHERRI      | RHODES       |     33 |
|         298 | ERIKA       | PENA         |     26 |
|         299 | JAMES       | GANNON       |     30 |
|         300 | JOHN        | FARNSWORTH   |     31 |
|         301 | ROBERT      | BAUGHMAN     |     21 |
|         302 | MICHAEL     | SILVERMAN    |     29 |
|         303 | WILLIAM     | SATTERFIELD  |     26 |
|         304 | DAVID       | ROYAL        |     26 |
|         305 | RICHARD     | MCCRARY      |     25 |
|         306 | CHARLES     | KOWALSKI     |     32 |
|         307 | JOSEPH      | JOY          |     30 |
|         308 | THOMAS      | GRIGSBY      |     25 |
|         309 | CHRISTOPHER | GRECO        |     31 |
|         310 | DANIEL      | CABRAL       |     20 |
|         311 | PAUL        | TROUT        |     23 |
|         312 | MARK        | RINEHART     |     26 |
|         313 | DONALD      | MAHON        |     23 |
|         314 | GEORGE      | LINTON       |     33 |
|         315 | KENNETH     | GOODEN       |     17 |
|         316 | STEVEN      | CURLEY       |     29 |
|         317 | EDWARD      | BAUGH        |     28 |
|         318 | BRIAN       | WYMAN        |     12 |
|         319 | RONALD      | WEINER       |     30 |
|         320 | ANTHONY     | SCHWAB       |     20 |
|         321 | KEVIN       | SCHULER      |     22 |
|         322 | JASON       | MORRISSEY    |     28 |
|         323 | MATTHEW     | MAHAN        |     31 |
|         324 | GARY        | COY          |     25 |
|         325 | TIMOTHY     | BUNN         |     22 |
|         326 | JOSE        | ANDREW       |     25 |
|         327 | LARRY       | THRASHER     |     26 |
|         328 | JEFFREY     | SPEAR        |     23 |
|         329 | FRANK       | WAGGONER     |     32 |
|         330 | SCOTT       | SHELLEY      |     25 |
|         331 | ERIC        | ROBERT       |     27 |
|         332 | STEPHEN     | QUALLS       |     28 |
|         333 | ANDREW      | PURDY        |     27 |
|         334 | RAYMOND     | MCWHORTER    |     30 |
|         335 | GREGORY     | MAULDIN      |     23 |
|         336 | JOSHUA      | MARK         |     30 |
|         337 | JERRY       | JORDON       |     29 |
|         338 | DENNIS      | GILMAN       |     28 |
|         339 | WALTER      | PERRYMAN     |     30 |
|         340 | PATRICK     | NEWSOM       |     31 |
|         341 | PETER       | MENARD       |     23 |
|         342 | HAROLD      | MARTINO      |     32 |
|         343 | DOUGLAS     | GRAF         |     25 |
|         344 | HENRY       | BILLINGSLEY  |     18 |
|         345 | CARL        | ARTIS        |     23 |
|         346 | ARTHUR      | SIMPKINS     |     32 |
|         347 | RYAN        | SALISBURY    |     30 |
|         348 | ROGER       | QUINTANILLA  |     36 |
|         349 | JOE         | GILLILAND    |     29 |
|         350 | JUAN        | FRALEY       |     23 |
|         351 | JACK        | FOUST        |     24 |
|         352 | ALBERT      | CROUSE       |     23 |
|         353 | JONATHAN    | SCARBOROUGH  |     18 |
|         354 | JUSTIN      | NGO          |     36 |
|         355 | TERRY       | GRISSOM      |     20 |
|         356 | GERALD      | FULTZ        |     30 |
|         357 | KEITH       | RICO         |     26 |
|         358 | SAMUEL      | MARLOW       |     21 |
|         359 | WILLIE      | MARKHAM      |     25 |
|         360 | RALPH       | MADRIGAL     |     34 |
|         361 | LAWRENCE    | LAWTON       |     31 |
|         362 | NICHOLAS    | BARFIELD     |     32 |
|         363 | ROY         | WHITING      |     29 |
|         364 | BENJAMIN    | VARNEY       |     23 |
|         365 | BRUCE       | SCHWARZ      |     23 |
|         366 | BRANDON     | HUEY         |     37 |
|         367 | ADAM        | GOOCH        |     22 |
|         368 | HARRY       | ARCE         |     35 |
|         369 | FRED        | WHEAT        |     25 |
|         370 | WAYNE       | TRUONG       |     19 |
|         371 | BILLY       | POULIN       |     35 |
|         372 | STEVE       | MACKENZIE    |     34 |
|         373 | LOUIS       | LEONE        |     35 |
|         374 | JEREMY      | HURTADO      |     28 |
|         375 | AARON       | SELBY        |     24 |
|         376 | RANDY       | GAITHER      |     28 |
|         377 | HOWARD      | FORTNER      |     26 |
|         378 | EUGENE      | CULPEPPER    |     19 |
|         379 | CARLOS      | COUGHLIN     |     23 |
|         380 | RUSSELL     | BRINSON      |     36 |
|         381 | BOBBY       | BOUDREAU     |     35 |
|         382 | VICTOR      | BARKLEY      |     24 |
|         383 | MARTIN      | BALES        |     27 |
|         384 | ERNEST      | STEPP        |     25 |
|         385 | PHILLIP     | HOLM         |     26 |
|         386 | TODD        | TAN          |     29 |
|         387 | JESSE       | SCHILLING    |     26 |
|         388 | CRAIG       | MORRELL      |     30 |
|         389 | ALAN        | KAHN         |     26 |
|         390 | SHAWN       | HEATON       |     33 |
|         391 | CLARENCE    | GAMEZ        |     30 |
|         392 | SEAN        | DOUGLASS     |     23 |
|         393 | PHILIP      | CAUSEY       |     31 |
|         394 | CHRIS       | BROTHERS     |     22 |
|         395 | JOHNNY      | TURPIN       |     19 |
|         396 | EARL        | SHANKS       |     27 |
|         397 | JIMMY       | SCHRADER     |     29 |
|         398 | ANTONIO     | MEEK         |     16 |
|         399 | DANNY       | ISOM         |     21 |
|         400 | BRYAN       | HARDISON     |     28 |
|         401 | TONY        | CARRANZA     |     21 |
|         402 | LUIS        | YANEZ        |     20 |
|         403 | MIKE        | WAY          |     35 |
|         404 | STANLEY     | SCROGGINS    |     30 |
|         405 | LEONARD     | SCHOFIELD    |     32 |
|         406 | NATHAN      | RUNYON       |     32 |
|         407 | DALE        | RATCLIFF     |     27 |
|         408 | MANUEL      | MURRELL      |     30 |
|         409 | RODNEY      | MOELLER      |     23 |
|         410 | CURTIS      | IRBY         |     38 |
|         411 | NORMAN      | CURRIER      |     26 |
|         412 | ALLEN       | BUTTERFIELD  |     21 |
|         413 | MARVIN      | YEE          |     21 |
|         414 | VINCENT     | RALSTON      |     25 |
|         415 | GLENN       | PULLEN       |     23 |
|         416 | JEFFERY     | PINSON       |     31 |
|         417 | TRAVIS      | ESTEP        |     25 |
|         418 | JEFF        | EAST         |     30 |
|         419 | CHAD        | CARBONE      |     25 |
|         420 | JACOB       | LANCE        |     21 |
|         421 | LEE         | HAWKS        |     27 |
|         422 | MELVIN      | ELLINGTON    |     26 |
|         423 | ALFRED      | CASILLAS     |     26 |
|         424 | KYLE        | SPURLOCK     |     30 |
|         425 | FRANCIS     | SIKES        |     26 |
|         426 | BRADLEY     | MOTLEY       |     27 |
|         427 | JESUS       | MCCARTNEY    |     24 |
|         428 | HERBERT     | KRUGER       |     20 |
|         429 | FREDERICK   | ISBELL       |     21 |
|         430 | RAY         | HOULE        |     22 |
|         431 | JOEL        | FRANCISCO    |     23 |
|         432 | EDWIN       | BURK         |     23 |
|         433 | DON         | BONE         |     25 |
|         434 | EDDIE       | TOMLIN       |     27 |
|         435 | RICKY       | SHELBY       |     25 |
|         436 | TROY        | QUIGLEY      |     30 |
|         437 | RANDALL     | NEUMANN      |     23 |
|         438 | BARRY       | LOVELACE     |     33 |
|         439 | ALEXANDER   | FENNELL      |     36 |
|         440 | BERNARD     | COLBY        |     22 |
|         441 | MARIO       | CHEATHAM     |     28 |
|         442 | LEROY       | BUSTAMANTE   |     32 |
|         443 | FRANCISCO   | SKIDMORE     |     22 |
|         444 | MARCUS      | HIDALGO      |     30 |
|         445 | MICHEAL     | FORMAN       |     26 |
|         446 | THEODORE    | CULP         |     31 |
|         447 | CLIFFORD    | BOWENS       |     29 |
|         448 | MIGUEL      | BETANCOURT   |     29 |
|         449 | OSCAR       | AQUINO       |     20 |
|         450 | JAY         | ROBB         |     26 |
|         451 | JIM         | REA          |     33 |
|         452 | TOM         | MILNER       |     32 |
|         453 | CALVIN      | MARTEL       |     23 |
|         454 | ALEX        | GRESHAM      |     33 |
|         455 | JON         | WILES        |     24 |
|         456 | RONNIE      | RICKETTS     |     25 |
|         457 | BILL        | GAVIN        |     28 |
|         458 | LLOYD       | DOWD         |     19 |
|         459 | TOMMY       | COLLAZO      |     38 |
|         460 | LEON        | BOSTIC       |     25 |
|         461 | DEREK       | BLAKELY      |     28 |
|         462 | WARREN      | SHERROD      |     33 |
|         463 | DARRELL     | POWER        |     25 |
|         464 | JEROME      | KENYON       |     16 |
|         465 | FLOYD       | GANDY        |     17 |
|         466 | LEO         | EBERT        |     23 |
|         467 | ALVIN       | DELOACH      |     29 |
|         468 | TIM         | CARY         |     39 |
|         469 | WESLEY      | BULL         |     40 |
|         470 | GORDON      | ALLARD       |     32 |
|         471 | DEAN        | SAUER        |     27 |
|         472 | GREG        | ROBINS       |     30 |
|         473 | JORGE       | OLIVARES     |     34 |
|         474 | DUSTIN      | GILLETTE     |     26 |
|         475 | PEDRO       | CHESTNUT     |     24 |
|         476 | DERRICK     | BOURQUE      |     22 |
|         477 | DAN         | PAINE        |     22 |
|         478 | LEWIS       | LYMAN        |     19 |
|         479 | ZACHARY     | HITE         |     31 |
|         480 | COREY       | HAUSER       |     22 |
|         481 | HERMAN      | DEVORE       |     29 |
|         482 | MAURICE     | CRAWLEY      |     29 |
|         483 | VERNON      | CHAPA        |     18 |
|         484 | ROBERTO     | VU           |     30 |
|         485 | CLYDE       | TOBIAS       |     29 |
|         486 | GLEN        | TALBERT      |     26 |
|         487 | HECTOR      | POINDEXTER   |     26 |
|         488 | SHANE       | MILLARD      |     22 |
|         489 | RICARDO     | MEADOR       |     21 |
|         490 | SAM         | MCDUFFIE     |     24 |
|         491 | RICK        | MATTOX       |     27 |
|         492 | LESTER      | KRAUS        |     16 |
|         493 | BRENT       | HARKINS      |     23 |
|         494 | RAMON       | CHOATE       |     31 |
|         495 | CHARLIE     | BESS         |     26 |
|         496 | TYLER       | WREN         |     21 |
|         497 | GILBERT     | SLEDGE       |     28 |
|         498 | GENE        | SANBORN      |     27 |
|         499 | MARC        | OUTLAW       |     30 |
|         500 | REGINALD    | KINDER       |     28 |
|         501 | RUBEN       | GEARY        |     21 |
|         502 | BRETT       | CORNWELL     |     34 |
|         503 | ANGEL       | BARCLAY      |     32 |
|         504 | NATHANIEL   | ADAM         |     28 |
|         505 | RAFAEL      | ABNEY        |     21 |
|         506 | LESLIE      | SEWARD       |     35 |
|         507 | EDGAR       | RHOADS       |     25 |
|         508 | MILTON      | HOWLAND      |     25 |
|         509 | RAUL        | FORTIER      |     20 |
|         510 | BEN         | EASTER       |     26 |
|         511 | CHESTER     | BENNER       |     24 |
|         512 | CECIL       | VINES        |     26 |
|         513 | DUANE       | TUBBS        |     31 |
|         514 | FRANKLIN    | TROUTMAN     |     22 |
|         515 | ANDRE       | RAPP         |     28 |
|         516 | ELMER       | NOE          |     26 |
|         517 | BRAD        | MCCURDY      |     25 |
|         518 | GABRIEL     | HARDER       |     26 |
|         519 | RON         | DELUCA       |     23 |
|         520 | MITCHELL    | WESTMORELAND |     32 |
|         521 | ROLAND      | SOUTH        |     23 |
|         522 | ARNOLD      | HAVENS       |     33 |
|         523 | HARVEY      | GUAJARDO     |     22 |
|         524 | JARED       | ELY          |     19 |
|         525 | ADRIAN      | CLARY        |     19 |
|         526 | KARL        | SEAL         |     45 |
|         527 | CORY        | MEEHAN       |     24 |
|         528 | CLAUDE      | HERZOG       |     25 |
|         529 | ERIK        | GUILLEN      |     29 |
|         530 | DARRYL      | ASHCRAFT     |     23 |
|         531 | JAMIE       | WAUGH        |     25 |
|         532 | NEIL        | RENNER       |     32 |
|         533 | JESSIE      | MILAM        |     33 |
|         534 | CHRISTIAN   | JUNG         |     24 |
|         535 | JAVIER      | ELROD        |     32 |
|         536 | FERNANDO    | CHURCHILL    |     25 |
|         537 | CLINTON     | BUFORD       |     25 |
|         538 | TED         | BREAUX       |     29 |
|         539 | MATHEW      | BOLIN        |     22 |
|         540 | TYRONE      | ASHER        |     24 |
|         541 | DARREN      | WINDHAM      |     24 |
|         542 | LONNIE      | TIRADO       |     18 |
|         543 | LANCE       | PEMBERTON    |     22 |
|         544 | CODY        | NOLEN        |     22 |
|         545 | JULIO       | NOLAND       |     21 |
|         546 | KELLY       | KNOTT        |     25 |
|         547 | KURT        | EMMONS       |     23 |
|         548 | ALLAN       | CORNISH      |     19 |
|         549 | NELSON      | CHRISTENSON  |     20 |
|         550 | GUY         | BROWNLEE     |     32 |
|         551 | CLAYTON     | BARBEE       |     26 |
|         552 | HUGH        | WALDROP      |     21 |
|         553 | MAX         | PITT         |     24 |
|         554 | DWAYNE      | OLVERA       |     22 |
|         555 | DWIGHT      | LOMBARDI     |     17 |
|         556 | ARMANDO     | GRUBER       |     21 |
|         557 | FELIX       | GAFFNEY      |     24 |
|         558 | JIMMIE      | EGGLESTON    |     28 |
|         559 | EVERETT     | BANDA        |     28 |
|         560 | JORDAN      | ARCHULETA    |     30 |
|         561 | IAN         | STILL        |     27 |
|         562 | WALLACE     | SLONE        |     25 |
|         563 | KEN         | PREWITT      |     29 |
|         564 | BOB         | PFEIFFER     |     24 |
|         565 | JAIME       | NETTLES      |     29 |
|         566 | CASEY       | MENA         |     34 |
|         567 | ALFREDO     | MCADAMS      |     20 |
|         568 | ALBERTO     | HENNING      |     21 |
|         569 | DAVE        | GARDINER     |     32 |
|         570 | IVAN        | CROMWELL     |     26 |
|         571 | JOHNNIE     | CHISHOLM     |     24 |
|         572 | SIDNEY      | BURLESON     |     25 |
|         573 | BYRON       | BOX          |     29 |
|         574 | JULIAN      | VEST         |     28 |
|         575 | ISAAC       | OGLESBY      |     29 |
|         576 | MORRIS      | MCCARTER     |     34 |
|         577 | CLIFTON     | MALCOLM      |     27 |
|         578 | WILLARD     | LUMPKIN      |     22 |
|         579 | DARYL       | LARUE        |     27 |
|         580 | ROSS        | GREY         |     27 |
|         581 | VIRGIL      | WOFFORD      |     27 |
|         582 | ANDY        | VANHORN      |     25 |
|         583 | MARSHALL    | THORN        |     23 |
|         584 | SALVADOR    | TEEL         |     30 |
|         585 | PERRY       | SWAFFORD     |     24 |
|         586 | KIRK        | STCLAIR      |     19 |
|         587 | SERGIO      | STANFIELD    |     26 |
|         588 | MARION      | OCAMPO       |     29 |
|         589 | TRACY       | HERRMANN     |     28 |
|         590 | SETH        | HANNON       |     25 |
|         591 | KENT        | ARSENAULT    |     27 |
|         592 | TERRANCE    | ROUSH        |     29 |
|         593 | RENE        | MCALISTER    |     26 |
|         594 | EDUARDO     | HIATT        |     27 |
|         595 | TERRENCE    | GUNDERSON    |     30 |
|         596 | ENRIQUE     | FORSYTHE     |     28 |
|         597 | FREDDIE     | DUGGAN       |     25 |
|         598 | WADE        | DELVALLE     |     22 |
|         599 | AUSTIN      | CINTRON      |     19 |
+-------------+-------------+--------------+--------+
599 rows in set (0.1007 sec)
 MySQL  localhost:3306 ssl  sakila  SQL > select a.customer_id, b.first_name, b.last_name, sum(amount) as pagos from payment a, customer b where a.customer_id = b.customer_id group by a.customer_id order by pagos desc;
+-------------+-------------+--------------+--------+
| customer_id | first_name  | last_name    | pagos  |
+-------------+-------------+--------------+--------+
|         526 | KARL        | SEAL         | 221.55 |
|         148 | ELEANOR     | HUNT         | 216.54 |
|         144 | CLARA       | SHAW         | 195.58 |
|         137 | RHONDA      | KENNEDY      | 194.61 |
|         178 | MARION      | SNYDER       | 194.61 |
|         459 | TOMMY       | COLLAZO      | 186.62 |
|         469 | WESLEY      | BULL         | 177.60 |
|         468 | TIM         | CARY         | 175.61 |
|         236 | MARCIA      | DEAN         | 175.58 |
|         181 | ANA         | BRADLEY      | 174.66 |
|         176 | JUNE        | CARROLL      | 173.63 |
|          50 | DIANE       | COLLINS      | 169.65 |
|         259 | LENA        | JENSEN       | 168.68 |
|         522 | ARNOLD      | HAVENS       | 167.67 |
|         410 | CURTIS      | IRBY         | 167.62 |
|         403 | MIKE        | WAY          | 166.65 |
|         295 | DAISY       | BATES        | 162.62 |
|         209 | TONYA       | CHAPMAN      | 161.68 |
|         373 | LOUIS       | LEONE        | 161.65 |
|         470 | GORDON      | ALLARD       | 160.68 |
|         187 | BRITTANY    | RILEY        | 159.72 |
|         550 | GUY         | BROWNLEE     | 159.68 |
|         462 | WARREN      | SHERROD      | 159.67 |
|         267 | MARGIE      | WADE         | 159.64 |
|         293 | MAE         | FLETCHER     | 158.69 |
|         372 | STEVE       | MACKENZIE    | 158.66 |
|         273 | PRISCILLA   | LOWE         | 157.65 |
|         368 | HARRY       | ARCE         | 157.65 |
|         346 | ARTHUR      | SIMPKINS     | 155.68 |
|          21 | MICHELLE    | CLARK        | 155.65 |
|          75 | TAMMY       | SANDERS      | 155.59 |
|         197 | SUE         | PETERS       | 154.60 |
|         119 | SHERRY      | MARSHALL     | 153.66 |
|         532 | NEIL        | RENNER       | 152.68 |
|         390 | SHAWN       | HEATON       | 152.67 |
|          26 | JESSICA     | HALL         | 152.66 |
|         274 | NAOMI       | JENNINGS     | 152.65 |
|         506 | LESLIE      | SEWARD       | 152.65 |
|         366 | BRANDON     | HUEY         | 152.63 |
|           7 | MARIA       | MILLER       | 151.67 |
|         454 | ALEX        | GRESHAM      | 151.67 |
|         211 | STACEY      | MONTGOMERY   | 151.66 |
|         196 | ALMA        | AUSTIN       | 151.65 |
|         439 | ALEXANDER   | FENNELL      | 151.64 |
|         257 | MARSHA      | DOUGLAS      | 151.63 |
|         360 | RALPH       | MADRIGAL     | 150.66 |
|         371 | BILLY       | POULIN       | 149.65 |
|         513 | DUANE       | TUBBS        | 148.69 |
|          86 | JACQUELINE  | LONG         | 148.67 |
|         309 | CHRISTOPHER | GRECO        | 147.69 |
|         204 | ROSEMARY    | SCHMIDT      | 147.65 |
|         103 | GLADYS      | HAMILTON     | 146.69 |
|         479 | ZACHARY     | HITE         | 146.69 |
|         348 | ROGER       | QUINTANILLA  | 146.64 |
|          87 | WANDA       | PATTERSON    | 145.70 |
|         362 | NICHOLAS    | BARFIELD     | 145.68 |
|         172 | BERNICE     | WILLIS       | 145.67 |
|         436 | TROY        | QUIGLEY      | 144.70 |
|         277 | OLGA        | JIMENEZ      | 144.68 |
|         237 | TANYA       | GILBERT      | 144.67 |
|          66 | JANICE      | WARD         | 144.66 |
|           5 | ELIZABETH   | BROWN        | 144.62 |
|         337 | JERRY       | JORDON       | 143.71 |
|         363 | ROY         | WHITING      | 143.71 |
|         120 | SYLVIA      | ORTIZ        | 143.68 |
|         289 | VIOLET      | RODRIQUEZ    | 142.70 |
|         347 | RYAN        | SALISBURY    | 142.70 |
|          46 | CATHERINE   | CAMPBELL     | 142.66 |
|         239 | MINNIE      | ROMERO       | 142.66 |
|          39 | DEBRA       | NELSON       | 141.71 |
|         472 | GREG        | ROBINS       | 141.70 |
|          78 | LORI        | WOOD         | 141.69 |
|          84 | SARA        | PERRY        | 141.67 |
|         533 | JESSIE      | MILAM        | 141.67 |
|         566 | CASEY       | MENA         | 141.66 |
|         198 | ELSIE       | KELLEY       | 141.63 |
|         494 | RAMON       | CHOATE       | 140.69 |
|         242 | GLENDA      | FRAZIER      | 140.68 |
|          29 | ANGELA      | HERNANDEZ    | 140.64 |
|         146 | JAMIE       | RICE         | 139.71 |
|         467 | ALVIN       | DELOACH      | 139.71 |
|         404 | STANLEY     | SCROGGINS    | 139.70 |
|         484 | ROBERTO     | VU           | 139.70 |
|         114 | GRACE       | ELLIS        | 139.67 |
|         576 | MORRIS      | MCCARTER     | 139.66 |
|         349 | JOE         | GILLILAND    | 138.71 |
|         482 | MAURICE     | CRAWLEY      | 138.71 |
|         306 | CHARLES     | KOWALSKI     | 138.68 |
|          51 | ALICE       | STEWART      | 138.67 |
|         502 | BRETT       | CORNWELL     | 138.66 |
|          80 | MARILYN     | ROSS         | 137.70 |
|         210 | ELLA        | OLIVER       | 137.69 |
|         300 | JOHN        | FARNSWORTH   | 137.69 |
|         102 | CRYSTAL     | FORD         | 137.67 |
|         207 | GERTRUDE    | CASTILLO     | 137.66 |
|         200 | JEANNE      | LAWSON       | 136.73 |
|         380 | RUSSELL     | BRINSON      | 136.64 |
|           3 | LINDA       | WILLIAMS     | 135.74 |
|         285 | MIRIAM      | MCKINNEY     | 135.74 |
|         558 | JIMMIE      | EGGLESTON    | 135.72 |
|         448 | MIGUEL      | BETANCOURT   | 135.71 |
|          56 | GLORIA      | COOK         | 135.70 |
|         334 | RAYMOND     | MCWHORTER    | 135.70 |
|         279 | DIANNE      | SHELTON      | 135.69 |
|         125 | ETHEL       | WEBB         | 135.68 |
|         535 | JAVIER      | ELROD        | 135.68 |
|         168 | REGINA      | BERRY        | 135.66 |
|         591 | KENT        | ARSENAULT    | 134.73 |
|         307 | JOSEPH      | JOY          | 134.70 |
|          15 | HELEN       | HARRIS       | 134.68 |
|          89 | JULIA       | FLORES       | 134.68 |
|         520 | MITCHELL    | WESTMORELAND | 134.68 |
|         569 | DAVE        | GARDINER     | 134.68 |
|         438 | BARRY       | LOVELACE     | 134.67 |
|         473 | JORGE       | OLIVARES     | 134.66 |
|         433 | DON         | BONE         | 133.75 |
|          59 | CHERYL      | MURPHY       | 133.73 |
|          92 | TINA        | SIMMONS      | 133.72 |
|         504 | NATHANIEL   | ADAM         | 133.72 |
|         179 | DANA        | HART         | 133.71 |
|         265 | JENNIE      | TERRY        | 133.71 |
|         112 | ROSA        | REYNOLDS     | 133.70 |
|         221 | BESSIE      | MORRISON     | 132.72 |
|         316 | STEVEN      | CURLEY       | 132.71 |
|         108 | TRACY       | COLE         | 132.70 |
|         319 | RONALD      | WEINER       | 132.70 |
|         560 | JORDAN      | ARCHULETA    | 132.70 |
|         245 | COURTNEY    | DAY          | 132.68 |
|          13 | KAREN       | JACKSON      | 131.73 |
|         299 | JAMES       | GANNON       | 131.70 |
|         314 | GEORGE      | LINTON       | 131.67 |
|          82 | KATHRYN     | COLEMAN      | 130.74 |
|         594 | EDUARDO     | HIATT        | 130.73 |
|          49 | JOYCE       | EDWARDS      | 130.72 |
|         154 | MICHELE     | GRANT        | 130.70 |
|         141 | DEBBIE      | REYES        | 130.68 |
|         342 | HAROLD      | MARTINO      | 130.68 |
|         497 | GILBERT     | SLEDGE       | 129.72 |
|         589 | TRACY       | HERRMANN     | 129.72 |
|          71 | KATHY       | JAMES        | 129.70 |
|         269 | CASSANDRA   | WALTERS      | 129.70 |
|         296 | RAMONA      | HALE         | 129.70 |
|         584 | SALVADOR    | TEEL         | 129.70 |
|          35 | VIRGINIA    | GREEN        | 129.68 |
|         244 | VIOLA       | HANSON       | 129.68 |
|         354 | JUSTIN      | NGO          | 129.64 |
|           2 | PATRICIA    | JOHNSON      | 128.73 |
|         434 | EDDIE       | TOMLIN       | 128.73 |
|         322 | JASON       | MORRISSEY    | 128.72 |
|          54 | TERESA      | ROGERS       | 128.71 |
|         131 | MONICA      | HICKS        | 128.70 |
|         297 | SHERRI      | RHODES       | 128.67 |
|         451 | JIM         | REA          | 128.67 |
|         508 | MILTON      | HOWLAND      | 127.75 |
|          45 | JANET       | PHILLIPS     | 127.73 |
|          32 | AMY         | LOPEZ        | 127.71 |
|         253 | TERRY       | CARLSON      | 127.71 |
|         302 | MICHAEL     | SILVERMAN    | 127.71 |
|         339 | WALTER      | PERRYMAN     | 127.70 |
|         128 | MARJORIE    | TUCKER       | 127.68 |
|         329 | FRANK       | WAGGONER     | 127.68 |
|          38 | MARTHA      | GONZALEZ     | 127.66 |
|         147 | JOANNE      | ROBERTSON    | 127.66 |
|         206 | TERRI       | VASQUEZ      | 126.73 |
|         426 | BRADLEY     | MOTLEY       | 126.73 |
|         284 | SONIA       | GREGORY      | 126.72 |
|         515 | ANDRE       | RAPP         | 126.72 |
|         565 | JAIME       | NETTLES      | 126.71 |
|         575 | ISAAC       | OGLESBY      | 126.71 |
|         107 | FLORENCE    | WOODS        | 126.70 |
|          27 | SHIRLEY     | ALLEN        | 126.69 |
|         122 | THELMA      | MURRAY       | 126.68 |
|         158 | VERONICA    | STONE        | 126.68 |
|          19 | RUTH        | MARTINEZ     | 125.76 |
|         389 | ALAN        | KAHN         | 124.74 |
|         491 | RICK        | MATTOX       | 124.73 |
|         400 | BRYAN       | HARDISON     | 124.72 |
|         388 | CRAIG       | MORRELL      | 124.70 |
|         230 | JOY         | GEORGE       | 124.67 |
|         129 | CARRIE      | PORTER       | 124.66 |
|         166 | LYNN        | PAYNE        | 123.72 |
|         268 | NINA        | SOTO         | 123.71 |
|         499 | MARC        | OUTLAW       | 123.70 |
|          30 | MELISSA     | KING         | 123.66 |
|         510 | BEN         | EASTER       | 122.74 |
|         331 | ERIC        | ROBERT       | 122.73 |
|         276 | BRANDY      | GRAVES       | 122.72 |
|         163 | CATHY       | SPENCER      | 122.71 |
|         263 | HILDA       | HOPKINS      | 122.71 |
|         260 | CHRISTY     | VARGAS       | 122.69 |
|         406 | NATHAN      | RUNYON       | 122.68 |
|         241 | HEIDI       | LARSON       | 122.66 |
|         571 | JOHNNIE     | CHISHOLM     | 121.76 |
|         149 | VALERIE     | BLACK        | 121.74 |
|         356 | GERALD      | FULTZ        | 121.70 |
|         393 | PHILIP      | CAUSEY       | 121.69 |
|         416 | JEFFERY     | PINSON       | 121.69 |
|         311 | PAUL        | TROUT        | 120.77 |
|         105 | DAWN        | SULLIVAN     | 120.74 |
|         225 | ARLENE      | HARVEY       | 120.74 |
|         423 | ALFRED      | CASILLAS     | 120.74 |
|         495 | CHARLIE     | BESS         | 120.74 |
|         573 | BYRON       | BOX          | 120.71 |
|         251 | VICKIE      | BREWER       | 120.69 |
|         170 | BEATRICE    | ARNOLD       | 119.74 |
|         487 | HECTOR      | POINDEXTER   | 119.74 |
|         421 | LEE         | HAWKS        | 119.73 |
|         262 | PATSY       | DAVIDSON     | 119.72 |
|         173 | AUDREY      | RAY          | 119.71 |
|          23 | SARAH       | LEWIS        | 119.70 |
|         336 | JOSHUA      | MARK         | 119.70 |
|         340 | PATRICK     | NEWSOM       | 119.69 |
|         167 | SALLY       | PIERCE       | 119.68 |
|          41 | STEPHANIE   | MITCHELL     | 118.75 |
|         531 | JAMIE       | WAUGH        | 118.75 |
|         280 | TRACEY      | BARRETT      | 118.73 |
|         292 | MISTY       | LAMBERT      | 118.73 |
|          16 | SANDRA      | MARTIN       | 118.72 |
|         266 | NORA        | HERRERA      | 118.72 |
|         332 | STEPHEN     | QUALLS       | 118.72 |
|         529 | ERIK        | GUILLEN      | 118.71 |
|           1 | MARY        | SMITH        | 118.68 |
|         442 | LEROY       | BUSTAMANTE   | 118.68 |
|         583 | MARSHALL    | THORN        | 117.77 |
|         490 | SAM         | MCDUFFIE     | 117.76 |
|         585 | PERRY       | SWAFFORD     | 117.76 |
|         536 | FERNANDO    | CHURCHILL    | 117.75 |
|         240 | MARLENE     | WELCH        | 117.74 |
|         286 | VELMA       | LUCAS        | 117.73 |
|         577 | CLIFTON     | MALCOLM      | 117.73 |
|          14 | BETTY       | WHITE        | 117.72 |
|         126 | ELLEN       | SIMPSON      | 117.72 |
|         386 | TODD        | TAN          | 117.71 |
|         538 | TED         | BREAUX       | 117.71 |
|          42 | CAROLYN     | PEREZ        | 117.70 |
|         595 | TERRENCE    | GUNDERSON    | 117.70 |
|         321 | KEVIN       | SCHULER      | 116.78 |
|         432 | EDWIN       | BURK         | 116.77 |
|         408 | MANUEL      | MURRELL      | 116.70 |
|         214 | KRISTIN     | JOHNSTON     | 116.69 |
|         446 | THEODORE    | CULP         | 116.69 |
|         254 | MAXINE      | SILVA        | 116.68 |
|         304 | DAVID       | ROYAL        | 115.74 |
|         512 | CECIL       | VINES        | 115.74 |
|          58 | JEAN        | BELL         | 115.73 |
|         500 | REGINALD    | KINDER       | 115.72 |
|          25 | DEBORAH     | WALKER       | 115.71 |
|         287 | BECKY       | MILES        | 115.71 |
|         481 | HERMAN      | DEVORE       | 115.71 |
|         485 | CLYDE       | TOBIAS       | 115.71 |
|         588 | MARION      | OCAMPO       | 115.71 |
|          20 | SHARON      | ROBINSON     | 115.70 |
|          53 | HEATHER     | MORRIS       | 115.70 |
|         444 | MARCUS      | HIDALGO      | 115.70 |
|         503 | ANGEL       | BARCLAY      | 115.68 |
|         427 | JESUS       | MCCARTNEY    | 114.76 |
|         343 | DOUGLAS     | GRAF         | 114.75 |
|          44 | MARIE       | TURNER       | 114.74 |
|         171 | DOLORES     | WAGNER       | 114.74 |
|         220 | CHARLENE    | ALVAREZ      | 114.73 |
|          57 | EVELYN      | MORGAN       | 114.72 |
|         317 | EDWARD      | BAUGH        | 114.72 |
|         338 | DENNIS      | GILMAN       | 114.72 |
|         457 | BILL        | GAVIN        | 114.72 |
|         186 | HOLLY       | FOX          | 114.69 |
|         323 | MATTHEW     | MAHAN        | 114.69 |
|          22 | LAURA       | RODRIGUEZ    | 113.78 |
|         582 | ANDY        | VANHORN      | 113.75 |
|         294 | SHELLY      | WATTS        | 113.74 |
|         486 | GLEN        | TALBERT      | 113.74 |
|         593 | RENE        | MCALISTER    | 113.74 |
|         139 | AMBER       | DIXON        | 113.73 |
|         113 | CINDY       | FISHER       | 113.71 |
|         447 | CLIFFORD    | BOWENS       | 113.71 |
|         157 | DARLENE     | ROSE         | 113.69 |
|          91 | LOIS        | BUTLER       | 113.65 |
|         493 | BRENT       | HARKINS      | 112.77 |
|         540 | TYRONE      | ASHER        | 112.76 |
|          63 | ASHLEY      | RICHARDSON   | 112.75 |
|         590 | SETH        | HANNON       | 112.75 |
|         327 | LARRY       | THRASHER     | 112.74 |
|         407 | DALE        | RATCLIFF     | 112.73 |
|         441 | MARIO       | CHEATHAM     | 112.72 |
|         161 | GERALDINE   | PERKINS      | 112.70 |
|         256 | MABEL       | HOLLAND      | 112.70 |
|         453 | CALVIN      | MARTEL       | 111.77 |
|         528 | CLAUDE      | HERZOG       | 111.75 |
|         234 | CLAUDIA     | FULLER       | 111.74 |
|         518 | GABRIEL     | HARDER       | 111.74 |
|         116 | VICTORIA    | GIBSON       | 111.73 |
|         396 | EARL        | SHANKS       | 111.73 |
|         579 | DARYL       | LARUE        | 111.73 |
|         213 | GINA        | WILLIAMSON   | 111.72 |
|         592 | TERRANCE    | ROUSH        | 111.71 |
|          28 | CYNTHIA     | YOUNG        | 111.68 |
|         258 | MYRTLE      | FLEMING      | 110.76 |
|         375 | AARON       | SELBY        | 110.76 |
|         417 | TRAVIS      | ESTEP        | 110.75 |
|         231 | GEORGIA     | JACOBS       | 110.74 |
|          40 | AMANDA      | CARTER       | 110.73 |
|         190 | YOLANDA     | WEAVER       | 110.73 |
|          90 | RUBY        | WASHINGTON   | 110.72 |
|         376 | RANDY       | GAITHER      | 110.72 |
|         559 | EVERETT     | BANDA        | 110.72 |
|         563 | KEN         | PREWITT      | 110.71 |
|         135 | JUANITA     | MASON        | 110.70 |
|         424 | KYLE        | SPURLOCK     | 110.70 |
|         138 | HAZEL       | WARREN       | 110.66 |
|         477 | DAN         | PAINE        | 109.78 |
|         155 | GAIL        | KNIGHT       | 109.75 |
|         193 | KATIE       | ELLIOTT      | 109.75 |
|         305 | RICHARD     | MCCRARY      | 109.75 |
|         460 | LEON        | BOSTIC       | 109.75 |
|         562 | WALLACE     | SLONE        | 109.75 |
|         121 | JOSEPHINE   | GOMEZ        | 109.74 |
|         333 | ANDREW      | PURDY        | 109.73 |
|         471 | DEAN        | SAUER        | 109.73 |
|         290 | KRISTINA    | CHAMBERS     | 109.72 |
|         574 | JULIAN      | VEST         | 109.72 |
|         405 | LEONARD     | SCHOFIELD    | 109.68 |
|          47 | FRANCES     | PARKER       | 108.78 |
|         541 | DARREN      | WINDHAM      | 108.76 |
|         201 | VICKI       | FIELDS       | 108.75 |
|         572 | SIDNEY      | BURLESON     | 108.75 |
|         587 | SERGIO      | STANFIELD    | 108.74 |
|         145 | LUCILLE     | HOLMES       | 108.72 |
|         275 | CAROLE      | BARNETT      | 108.70 |
|         246 | MARIAN      | MENDOZA      | 107.77 |
|         249 | DORA        | MEDINA       | 107.77 |
|         127 | ELAINE      | STEVENS      | 107.76 |
|         553 | MAX         | PITT         | 107.76 |
|         109 | EDNA        | WEST         | 107.74 |
|         261 | DEANNA      | BYRD         | 107.74 |
|         581 | VIRGIL      | WOFFORD      | 107.73 |
|          52 | JULIE       | SANCHEZ      | 107.71 |
|         418 | JEFF        | EAST         | 107.70 |
|         452 | TOM         | MILNER       | 107.68 |
|         341 | PETER       | MENARD       | 106.77 |
|         345 | CARL        | ARTIS        | 106.77 |
|         379 | CARLOS      | COUGHLIN     | 106.77 |
|          11 | LISA        | ANDERSON     | 106.76 |
|          98 | LILLIAN     | GRIFFIN      | 106.75 |
|         160 | ERIN        | DUNN         | 106.73 |
|         381 | BOBBY       | BOUDREAU     | 106.65 |
|         429 | FREDERICK   | ISBELL       | 105.79 |
|         150 | DANIELLE    | DANIELS      | 105.75 |
|         308 | THOMAS      | GRIGSBY      | 105.75 |
|         414 | VINCENT     | RALSTON      | 105.75 |
|         517 | BRAD        | MCCURDY      | 105.75 |
|          96 | DIANA       | ALEXANDER    | 105.73 |
|         397 | JIMMY       | SCHRADER     | 105.71 |
|         247 | STELLA      | MORENO       | 104.78 |
|         409 | RODNEY      | MOELLER      | 104.77 |
|         466 | LEO         | EBERT        | 104.77 |
|         270 | LEAH        | CURTIS       | 104.75 |
|          31 | BRENDA      | WRIGHT       | 104.74 |
|         312 | MARK        | RINEHART     | 104.74 |
|         425 | FRANCIS     | SIKES        | 104.74 |
|         391 | CLARENCE    | GAMEZ        | 104.70 |
|          65 | ROSE        | HOWARD       | 103.78 |
|         365 | BRUCE       | SCHWARZ      | 103.77 |
|         519 | RON         | DELUCA       | 103.77 |
|         475 | PEDRO       | CHESTNUT     | 103.76 |
|         199 | BETH        | FRANKLIN     | 103.75 |
|         324 | GARY        | COY          | 103.75 |
|         537 | CLINTON     | BUFORD       | 103.75 |
|         546 | KELLY       | KNOTT        | 103.75 |
|         202 | CARLA       | GUTIERREZ    | 103.74 |
|          74 | DENISE      | KELLY        | 103.73 |
|         282 | JENNY       | CASTRO       | 103.73 |
|         383 | MARTIN      | BALES        | 103.73 |
|          12 | NANCY       | THOMAS       | 103.72 |
|         374 | JEREMY      | HURTADO      | 103.72 |
|         100 | ROBIN       | HAYES        | 102.76 |
|         445 | MICHEAL     | FORMAN       | 102.74 |
|         367 | ADAM        | GOOCH        | 101.78 |
|         480 | COREY       | HAUSER       | 101.78 |
|         554 | DWAYNE      | OLVERA       | 101.78 |
|          83 | LOUISE      | JENKINS      | 101.75 |
|         156 | BERTHA      | FERGUSON     | 101.75 |
|         359 | WILLIE      | MARKHAM      | 101.75 |
|         219 | WILLIE      | HOWELL       | 101.74 |
|         298 | ERIKA       | PENA         | 101.74 |
|         385 | PHILLIP     | HOLM         | 101.74 |
|         387 | JESSE       | SCHILLING    | 101.74 |
|         509 | RAUL        | FORTIER      | 100.80 |
|          55 | DORIS       | REED         | 100.78 |
|         106 | CONNIE      | WALLACE      | 100.77 |
|         123 | SHANNON     | FREEMAN      | 100.76 |
|         456 | RONNIE      | RICKETTS     | 100.75 |
|         303 | WILLIAM     | SATTERFIELD  | 100.74 |
|         474 | DUSTIN      | GILLETTE     | 100.74 |
|          77 | JANE        | BENNETT      | 100.72 |
|         361 | LAWRENCE    | LAWTON       | 100.69 |
|          64 | JUDITH      | COX          | 100.67 |
|         449 | OSCAR       | AQUINO       |  99.80 |
|         489 | RICARDO     | MEADOR       |  99.79 |
|          67 | KELLY       | TORRES       |  99.78 |
|         192 | LAURIE      | LAWRENCE     |  99.77 |
|         352 | ALBERT      | CROUSE       |  99.77 |
|         437 | RANDALL     | NEUMANN      |  99.77 |
|         547 | KURT        | EMMONS       |  99.77 |
|          43 | CHRISTINE   | ROBERTS      |  99.76 |
|         511 | CHESTER     | BENNER       |  99.76 |
|          10 | DOROTHY     | TAYLOR       |  99.75 |
|         597 | FREDDIE     | DUGGAN       |  99.75 |
|         570 | IVAN        | CROMWELL     |  99.74 |
|         580 | ROSS        | GREY         |  99.73 |
|          72 | THERESA     | WATSON       |  99.70 |
|         272 | KAY         | CALDWELL     |  98.80 |
|          17 | DONNA       | THOMPSON     |  98.79 |
|         443 | FRANCISCO   | SKIDMORE     |  98.78 |
|         544 | CODY        | NOLEN        |  98.78 |
|         180 | STACY       | CUNNINGHAM   |  98.77 |
|         217 | AGNES       | BISHOP       |  98.77 |
|         175 | ANNETTE     | OLSON        |  98.76 |
|          60 | MILDRED     | BAILEY       |  98.75 |
|         264 | GWENDOLYN   | MAY          |  98.75 |
|         516 | ELMER       | NOE          |  98.74 |
|         133 | PAULINE     | HENRY        |  98.73 |
|         310 | DANIEL      | CABRAL       |  97.80 |
|         505 | RAFAEL      | ABNEY        |  97.79 |
|          73 | BEVERLY     | BROOKS       |  97.76 |
|         111 | CARMEN      | OWENS        |  97.74 |
|         182 | RENEE       | LANE         |  97.74 |
|         422 | MELVIN      | ELLINGTON    |  97.74 |
|         498 | GENE        | SANBORN      |  97.73 |
|         461 | DEREK       | BLAKELY      |  97.72 |
|         578 | WILLARD     | LUMPKIN      |  96.78 |
|         101 | PEGGY       | MYERS        |  96.76 |
|          69 | JUDY        | GRAY         |  96.75 |
|         326 | JOSE        | ANDREW       |  96.75 |
|         551 | CLAYTON     | BARBEE       |  96.74 |
|         561 | IAN         | STILL        |  96.73 |
|         596 | ENRIQUE     | FORSYTHE     |  96.72 |
|         169 | ERICA       | MATTHEWS     |  95.78 |
|         476 | DERRICK     | BOURQUE      |  95.78 |
|         488 | SHANE       | MILLARD      |  95.78 |
|          37 | PAMELA      | BAKER        |  95.77 |
|         216 | NATALIE     | MEYER        |  95.77 |
|         291 | TONI        | HOLT         |  95.77 |
|         364 | BENJAMIN    | VARNEY       |  95.77 |
|         431 | JOEL        | FRANCISCO    |  95.77 |
|          24 | KIMBERLY    | LEE          |  95.75 |
|         232 | CONSTANCE   | REID         |  95.75 |
|         507 | EDGAR       | RHOADS       |  95.75 |
|         132 | ESTHER      | CRAWFORD     |  95.72 |
|         542 | LONNIE      | TIRADO       |  94.82 |
|         238 | NELLIE      | GARRETT      |  94.79 |
|          68 | NICOLE      | PETERSON     |  94.78 |
|         134 | EMMA        | BOYD         |  94.77 |
|         153 | SUZANNE     | NICHOLS      |  94.76 |
|         330 | SCOTT       | SHELLEY      |  94.75 |
|         142 | APRIL       | BURNS        |  94.74 |
|          81 | ANDREA      | HENDERSON    |  93.78 |
|         189 | LORETTA     | CARPENTER    |  93.78 |
|         523 | HARVEY      | GUAJARDO     |  93.78 |
|         415 | GLENN       | PULLEN       |  93.77 |
|         130 | CHARLOTTE   | HUNTER       |  93.76 |
|         229 | TAMARA      | NGUYEN       |  93.75 |
|         235 | JACKIE      | LYNCH        |  93.75 |
|         377 | HOWARD      | FORTNER      |  93.74 |
|           6 | JENNIFER    | DAVIS        |  93.72 |
|         174 | YVONNE      | WATKINS      |  92.79 |
|         301 | ROBERT      | BAUGHMAN     |  92.79 |
|           8 | SUSAN       | WILSON       |  92.76 |
|         104 | RITA        | GRAHAM       |  92.76 |
|         188 | MELANIE     | ARMSTRONG    |  92.75 |
|          36 | KATHLEEN    | ADAMS        |  92.73 |
|         151 | MEGAN       | PALMER       |  92.73 |
|         228 | ALLISON     | STANLEY      |  92.73 |
|         212 | WILMA       | RICHARDS     |  91.80 |
|          33 | ANNA        | HILL         |  91.79 |
|         222 | DELORES     | HANSEN       |  91.79 |
|         399 | DANNY       | ISOM         |  91.79 |
|          18 | CAROL       | GARCIA       |  91.78 |
|         325 | TIMOTHY     | BUNN         |  91.78 |
|          93 | PHYLLIS     | FOSTER       |  91.77 |
|         392 | SEAN        | DOUGLASS     |  91.77 |
|          99 | EMILY       | DIAZ         |  91.76 |
|         382 | VICTOR      | BARKLEY      |  91.76 |
|         564 | BOB         | PFEIFFER     |  91.76 |
|         435 | RICKY       | SHELBY       |  91.75 |
|         463 | DARRELL     | POWER        |  91.75 |
|         208 | LUCY        | WHEELER      |  91.74 |
|         215 | JESSIE      | BANKS        |  91.74 |
|         115 | WENDY       | HARRISON     |  91.70 |
|         552 | HUGH        | WALDROP      |  90.79 |
|         539 | MATHEW      | BOLIN        |  90.78 |
|         184 | VIVIAN      | RUIZ         |  90.77 |
|         328 | JEFFREY     | SPEAR        |  90.77 |
|         501 | RUBEN       | GEARY        |  89.79 |
|         545 | JULIO       | NOLAND       |  89.79 |
|         143 | LESLIE      | GORDON       |  89.78 |
|           9 | MARGARET    | MOORE        |  89.77 |
|         233 | LILLIE      | KIM          |  89.77 |
|         313 | DONALD      | MAHON        |  89.77 |
|          34 | REBECCA     | SCOTT        |  89.76 |
|         351 | JACK        | FOUST        |  89.76 |
|         384 | ERNEST      | STEPP        |  89.75 |
|         419 | CHAD        | CARBONE      |  89.75 |
|         357 | KEITH       | RICO         |  89.74 |
|         450 | JAY         | ROBB         |  89.74 |
|         483 | VERNON      | CHAPA        |  88.82 |
|         203 | TARA        | RYAN         |  88.80 |
|         496 | TYLER       | WREN         |  88.79 |
|         440 | BERNARD     | COLBY        |  88.78 |
|         534 | CHRISTIAN   | JUNG         |  88.76 |
|         369 | FRED        | WHEAT        |  88.75 |
|         278 | BILLIE      | HORTON       |  88.74 |
|         194 | KRISTEN     | CHAVEZ       |  87.82 |
|         524 | JARED       | ELY          |  87.81 |
|          88 | BONNIE      | HUGHES       |  87.79 |
|         226 | MAUREEN     | LITTLE       |  87.79 |
|          85 | ANNE        | POWELL       |  87.77 |
|         227 | COLLEEN     | BURTON       |  87.76 |
|         455 | JON         | WILES        |  87.76 |
|         195 | VANESSA     | SIMS         |  86.81 |
|         478 | LEWIS       | LYMAN        |  86.81 |
|         165 | LORRAINE    | STEPHENS     |  86.79 |
|         283 | FELICIA     | SUTTON       |  86.72 |
|         567 | ALFREDO     | MCADAMS      |  85.80 |
|         412 | ALLEN       | BUTTERFIELD  |  85.79 |
|         315 | KENNETH     | GOODEN       |  84.83 |
|          79 | RACHEL      | BARNES       |  84.78 |
|         394 | CHRIS       | BROTHERS     |  84.78 |
|          62 | JOAN        | COOPER       |  84.77 |
|         185 | ROBERTA     | HARPER       |  84.77 |
|         140 | EVA         | RAMOS        |  83.82 |
|         599 | AUSTIN      | CINTRON      |  83.81 |
|         152 | ALICIA      | MILLS        |  83.79 |
|         556 | ARMANDO     | GRUBER       |  83.79 |
|         598 | WADE        | DELVALLE     |  83.78 |
|         118 | KIM         | CRUZ         |  82.79 |
|         543 | LANCE       | PEMBERTON    |  82.78 |
|         243 | LYDIA       | BURKE        |  82.76 |
|           4 | BARBARA     | JONES        |  81.78 |
|         527 | CORY        | MEEHAN       |  81.76 |
|         223 | MELINDA     | FERNANDEZ    |  80.83 |
|          70 | CHRISTINA   | RAMIREZ      |  80.82 |
|         205 | EILEEN      | CARR         |  80.82 |
|         358 | SAMUEL      | MARLOW       |  80.79 |
|         521 | ROLAND      | SOUTH        |  80.77 |
|         288 | BOBBIE      | CRAIG        |  80.76 |
|         411 | NORMAN      | CURRIER      |  80.74 |
|         548 | ALLAN       | CORNISH      |  79.81 |
|         402 | LUIS        | YANEZ        |  79.80 |
|          94 | NORMA       | GONZALES     |  79.79 |
|         420 | JACOB       | LANCE        |  79.79 |
|         430 | RAY         | HOULE        |  79.78 |
|         398 | ANTONIO     | MEEK         |  78.84 |
|         428 | HERBERT     | KRUGER       |  78.80 |
|         335 | GREGORY     | MAULDIN      |  78.77 |
|          95 | PAULA       | BRYANT       |  77.82 |
|         549 | NELSON      | CHRISTENSON  |  77.80 |
|          76 | IRENE       | PRICE        |  77.77 |
|          48 | ANN         | EVANS        |  76.83 |
|         224 | PEARL       | GARZA        |  76.78 |
|         183 | IDA         | ANDREWS      |  76.77 |
|         530 | DARRYL      | ASHCRAFT     |  76.77 |
|         413 | MARVIN      | YEE          |  75.79 |
|         555 | DWIGHT      | LOMBARDI     |  74.83 |
|         525 | ADRIAN      | CLARY        |  74.81 |
|         191 | JEANETTE    | GREENE       |  74.80 |
|         514 | FRANKLIN    | TROUTMAN     |  74.78 |
|         464 | JEROME      | KENYON       |  73.84 |
|         124 | SHEILA      | WELLS        |  73.82 |
|         344 | HENRY       | BILLINGSLEY  |  73.82 |
|         250 | JO          | FOWLER       |  73.80 |
|         401 | TONY        | CARRANZA     |  73.79 |
|         350 | JUAN        | FRALEY       |  73.77 |
|         557 | FELIX       | GAFFNEY      |  73.76 |
|         353 | JONATHAN    | SCARBOROUGH  |  72.82 |
|         355 | TERRY       | GRISSOM      |  72.80 |
|         117 | EDITH       | MCDONALD     |  71.81 |
|         378 | EUGENE      | CULPEPPER    |  71.81 |
|         162 | LAUREN      | HUDSON       |  71.80 |
|         320 | ANTHONY     | SCHWAB       |  71.80 |
|         177 | SAMANTHA    | DUNCAN       |  71.77 |
|         255 | IRMA        | PEARSON      |  70.82 |
|         370 | WAYNE       | TRUONG       |  70.81 |
|         465 | FLOYD       | GANDY        |  69.83 |
|         271 | PENNY       | NEAL         |  68.82 |
|         159 | JILL        | HAWKINS      |  68.79 |
|         218 | VERA        | MCCOY        |  67.82 |
|         164 | JOANN       | GARDNER      |  66.84 |
|         458 | LLOYD       | DOWD         |  66.81 |
|         568 | ALBERTO     | HENNING      |  66.79 |
|         492 | LESTER      | KRAUS        |  65.84 |
|         586 | KIRK        | STCLAIR      |  64.81 |
|         252 | MATTIE      | HOFFMAN      |  64.78 |
|         136 | ANITA       | MORALES      |  62.85 |
|         110 | TIFFANY     | JORDAN       |  59.86 |
|          61 | KATHERINE   | RIVERA       |  58.86 |
|          97 | ANNIE       | RUSSELL      |  58.82 |
|         395 | JOHNNY      | TURPIN       |  57.81 |
|         318 | BRIAN       | WYMAN        |  52.88 |
|         281 | LEONA       | OBRIEN       |  50.86 |
|         248 | CAROLINE    | BOWMAN       |  50.85 |
+-------------+-------------+--------------+--------+
599 rows in set (0.1131 sec)
 MySQL  localhost:3306 ssl  sakila  SQL >